STATISTIC Label,Year,Quarter,County,UNIT,VALUE
New Dwelling Completion,2011,Q1,Ireland,Number,1875
New Dwelling Completion,2011,Q1,Cork City,Number,39
New Dwelling Completion,2011,Q1,Clare,Number,52
New Dwelling Completion,2011,Q1,Cavan,Number,61
New Dwelling Completion,2011,Q1,Cork,Number,168
New Dwelling Completion,2011,Q1,Carlow,Number,17
New Dwelling Completion,2011,Q1,Dublin City,Number,72
New Dwelling Completion,2011,Q1,Dún Laoghaire Rathdown,Number,30
New Dwelling Completion,2011,Q1,Donegal,Number,118
New Dwelling Completion,2011,Q1,Fingal,Number,144
New Dwelling Completion,2011,Q1,Galway,Number,93
New Dwelling Completion,2011,Q1,Galway City,Number,15
New Dwelling Completion,2011,Q1,Kildare,Number,126
New Dwelling Completion,2011,Q1,Kilkenny,Number,40
New Dwelling Completion,2011,Q1,Kerry,Number,62
New Dwelling Completion,2011,Q1,Longford,Number,11
New Dwelling Completion,2011,Q1,Louth,Number,48
New Dwelling Completion,2011,Q1,Limerick City &,Number,54
New Dwelling Completion,2011,Q1,Leitrim,Number,42
New Dwelling Completion,2011,Q1,Laois,Number,34
New Dwelling Completion,2011,Q1,Meath,Number,70
New Dwelling Completion,2011,Q1,Monaghan,Number,26
New Dwelling Completion,2011,Q1,Mayo,Number,67
New Dwelling Completion,2011,Q1,Offaly,Number,28
New Dwelling Completion,2011,Q1,Roscommon,Number,26
New Dwelling Completion,2011,Q1,South Dublin,Number,41
New Dwelling Completion,2011,Q1,Sligo,Number,52
New Dwelling Completion,2011,Q1,Tipperary,Number,63
New Dwelling Completion,2011,Q1,Waterford City &,Number,96
New Dwelling Completion,2011,Q1,Westmeath,Number,33
New Dwelling Completion,2011,Q1,Wicklow,Number,74
New Dwelling Completion,2011,Q1,Wexford,Number,73
New Dwelling Completion,2011,Q2,Ireland,Number,1791
New Dwelling Completion,2011,Q2,Cork City,Number,36
New Dwelling Completion,2011,Q2,Clare,Number,49
New Dwelling Completion,2011,Q2,Cavan,Number,28
New Dwelling Completion,2011,Q2,Cork,Number,200
New Dwelling Completion,2011,Q2,Carlow,Number,24
New Dwelling Completion,2011,Q2,Dublin City,Number,109
New Dwelling Completion,2011,Q2,Dún Laoghaire Rathdown,Number,68
New Dwelling Completion,2011,Q2,Donegal,Number,139
New Dwelling Completion,2011,Q2,Fingal,Number,134
New Dwelling Completion,2011,Q2,Galway,Number,108
New Dwelling Completion,2011,Q2,Galway City,Number,17
New Dwelling Completion,2011,Q2,Kildare,Number,42
New Dwelling Completion,2011,Q2,Kilkenny,Number,50
New Dwelling Completion,2011,Q2,Kerry,Number,67
New Dwelling Completion,2011,Q2,Longford,Number,14
New Dwelling Completion,2011,Q2,Louth,Number,53
New Dwelling Completion,2011,Q2,Limerick City &,Number,49
New Dwelling Completion,2011,Q2,Leitrim,Number,13
New Dwelling Completion,2011,Q2,Laois,Number,33
New Dwelling Completion,2011,Q2,Meath,Number,64
New Dwelling Completion,2011,Q2,Monaghan,Number,21
New Dwelling Completion,2011,Q2,Mayo,Number,59
New Dwelling Completion,2011,Q2,Offaly,Number,36
New Dwelling Completion,2011,Q2,Roscommon,Number,54
New Dwelling Completion,2011,Q2,South Dublin,Number,16
New Dwelling Completion,2011,Q2,Sligo,Number,34
New Dwelling Completion,2011,Q2,Tipperary,Number,94
New Dwelling Completion,2011,Q2,Waterford City &,Number,29
New Dwelling Completion,2011,Q2,Westmeath,Number,37
New Dwelling Completion,2011,Q2,Wicklow,Number,37
New Dwelling Completion,2011,Q2,Wexford,Number,77
New Dwelling Completion,2011,Q3,Ireland,Number,1687
New Dwelling Completion,2011,Q3,Cork City,Number,51
New Dwelling Completion,2011,Q3,Clare,Number,47
New Dwelling Completion,2011,Q3,Cavan,Number,45
New Dwelling Completion,2011,Q3,Cork,Number,164
New Dwelling Completion,2011,Q3,Carlow,Number,24
New Dwelling Completion,2011,Q3,Dublin City,Number,41
New Dwelling Completion,2011,Q3,Dún Laoghaire Rathdown,Number,15
New Dwelling Completion,2011,Q3,Donegal,Number,115
New Dwelling Completion,2011,Q3,Fingal,Number,96
New Dwelling Completion,2011,Q3,Galway,Number,105
New Dwelling Completion,2011,Q3,Galway City,Number,9
New Dwelling Completion,2011,Q3,Kildare,Number,42
New Dwelling Completion,2011,Q3,Kilkenny,Number,84
New Dwelling Completion,2011,Q3,Kerry,Number,77
New Dwelling Completion,2011,Q3,Longford,Number,12
New Dwelling Completion,2011,Q3,Louth,Number,31
New Dwelling Completion,2011,Q3,Limerick City &,Number,55
New Dwelling Completion,2011,Q3,Leitrim,Number,14
New Dwelling Completion,2011,Q3,Laois,Number,25
New Dwelling Completion,2011,Q3,Meath,Number,76
New Dwelling Completion,2011,Q3,Monaghan,Number,33
New Dwelling Completion,2011,Q3,Mayo,Number,124
New Dwelling Completion,2011,Q3,Offaly,Number,24
New Dwelling Completion,2011,Q3,Roscommon,Number,38
New Dwelling Completion,2011,Q3,South Dublin,Number,29
New Dwelling Completion,2011,Q3,Sligo,Number,35
New Dwelling Completion,2011,Q3,Tipperary,Number,73
New Dwelling Completion,2011,Q3,Waterford City &,Number,30
New Dwelling Completion,2011,Q3,Westmeath,Number,24
New Dwelling Completion,2011,Q3,Wicklow,Number,60
New Dwelling Completion,2011,Q3,Wexford,Number,89
New Dwelling Completion,2011,Q4,Ireland,Number,1641
New Dwelling Completion,2011,Q4,Cork City,Number,25
New Dwelling Completion,2011,Q4,Clare,Number,57
New Dwelling Completion,2011,Q4,Cavan,Number,37
New Dwelling Completion,2011,Q4,Cork,Number,194
New Dwelling Completion,2011,Q4,Carlow,Number,38
New Dwelling Completion,2011,Q4,Dublin City,Number,83
New Dwelling Completion,2011,Q4,Dún Laoghaire Rathdown,Number,17
New Dwelling Completion,2011,Q4,Donegal,Number,88
New Dwelling Completion,2011,Q4,Fingal,Number,33
New Dwelling Completion,2011,Q4,Galway,Number,114
New Dwelling Completion,2011,Q4,Galway City,Number,11
New Dwelling Completion,2011,Q4,Kildare,Number,76
New Dwelling Completion,2011,Q4,Kilkenny,Number,54
New Dwelling Completion,2011,Q4,Kerry,Number,79
New Dwelling Completion,2011,Q4,Longford,Number,13
New Dwelling Completion,2011,Q4,Louth,Number,37
New Dwelling Completion,2011,Q4,Limerick City &,Number,95
New Dwelling Completion,2011,Q4,Leitrim,Number,16
New Dwelling Completion,2011,Q4,Laois,Number,33
New Dwelling Completion,2011,Q4,Meath,Number,68
New Dwelling Completion,2011,Q4,Monaghan,Number,32
New Dwelling Completion,2011,Q4,Mayo,Number,88
New Dwelling Completion,2011,Q4,Offaly,Number,29
New Dwelling Completion,2011,Q4,Roscommon,Number,31
New Dwelling Completion,2011,Q4,South Dublin,Number,36
New Dwelling Completion,2011,Q4,Sligo,Number,24
New Dwelling Completion,2011,Q4,Tipperary,Number,68
New Dwelling Completion,2011,Q4,Waterford City &,Number,35
New Dwelling Completion,2011,Q4,Westmeath,Number,28
New Dwelling Completion,2011,Q4,Wicklow,Number,47
New Dwelling Completion,2011,Q4,Wexford,Number,55
New Dwelling Completion,2012,Q1,Ireland,Number,1131
New Dwelling Completion,2012,Q1,Cork City,Number,20
New Dwelling Completion,2012,Q1,Clare,Number,44
New Dwelling Completion,2012,Q1,Cavan,Number,20
New Dwelling Completion,2012,Q1,Cork,Number,122
New Dwelling Completion,2012,Q1,Carlow,Number,17
New Dwelling Completion,2012,Q1,Dublin City,Number,57
New Dwelling Completion,2012,Q1,Dún Laoghaire Rathdown,Number,13
New Dwelling Completion,2012,Q1,Donegal,Number,114
New Dwelling Completion,2012,Q1,Fingal,Number,29
New Dwelling Completion,2012,Q1,Galway,Number,77
New Dwelling Completion,2012,Q1,Galway City,Number,6
New Dwelling Completion,2012,Q1,Kildare,Number,51
New Dwelling Completion,2012,Q1,Kilkenny,Number,26
New Dwelling Completion,2012,Q1,Kerry,Number,46
New Dwelling Completion,2012,Q1,Longford,Number,17
New Dwelling Completion,2012,Q1,Louth,Number,23
New Dwelling Completion,2012,Q1,Limerick City &,Number,27
New Dwelling Completion,2012,Q1,Leitrim,Number,15
New Dwelling Completion,2012,Q1,Laois,Number,24
New Dwelling Completion,2012,Q1,Meath,Number,41
New Dwelling Completion,2012,Q1,Monaghan,Number,42
New Dwelling Completion,2012,Q1,Mayo,Number,41
New Dwelling Completion,2012,Q1,Offaly,Number,15
New Dwelling Completion,2012,Q1,Roscommon,Number,19
New Dwelling Completion,2012,Q1,South Dublin,Number,11
New Dwelling Completion,2012,Q1,Sligo,Number,62
New Dwelling Completion,2012,Q1,Tipperary,Number,40
New Dwelling Completion,2012,Q1,Waterford City &,Number,18
New Dwelling Completion,2012,Q1,Westmeath,Number,24
New Dwelling Completion,2012,Q1,Wicklow,Number,23
New Dwelling Completion,2012,Q1,Wexford,Number,47
New Dwelling Completion,2012,Q2,Ireland,Number,1117
New Dwelling Completion,2012,Q2,Cork City,Number,27
New Dwelling Completion,2012,Q2,Clare,Number,38
New Dwelling Completion,2012,Q2,Cavan,Number,23
New Dwelling Completion,2012,Q2,Cork,Number,115
New Dwelling Completion,2012,Q2,Carlow,Number,10
New Dwelling Completion,2012,Q2,Dublin City,Number,37
New Dwelling Completion,2012,Q2,Dún Laoghaire Rathdown,Number,11
New Dwelling Completion,2012,Q2,Donegal,Number,74
New Dwelling Completion,2012,Q2,Fingal,Number,29
New Dwelling Completion,2012,Q2,Galway,Number,71
New Dwelling Completion,2012,Q2,Galway City,Number,7
New Dwelling Completion,2012,Q2,Kildare,Number,44
New Dwelling Completion,2012,Q2,Kilkenny,Number,18
New Dwelling Completion,2012,Q2,Kerry,Number,48
New Dwelling Completion,2012,Q2,Longford,Number,24
New Dwelling Completion,2012,Q2,Louth,Number,28
New Dwelling Completion,2012,Q2,Limerick City &,Number,55
New Dwelling Completion,2012,Q2,Leitrim,Number,7
New Dwelling Completion,2012,Q2,Laois,Number,43
New Dwelling Completion,2012,Q2,Meath,Number,47
New Dwelling Completion,2012,Q2,Monaghan,Number,18
New Dwelling Completion,2012,Q2,Mayo,Number,56
New Dwelling Completion,2012,Q2,Offaly,Number,18
New Dwelling Completion,2012,Q2,Roscommon,Number,25
New Dwelling Completion,2012,Q2,South Dublin,Number,23
New Dwelling Completion,2012,Q2,Sligo,Number,67
New Dwelling Completion,2012,Q2,Tipperary,Number,30
New Dwelling Completion,2012,Q2,Waterford City &,Number,19
New Dwelling Completion,2012,Q2,Westmeath,Number,18
New Dwelling Completion,2012,Q2,Wicklow,Number,38
New Dwelling Completion,2012,Q2,Wexford,Number,49
New Dwelling Completion,2012,Q3,Ireland,Number,1205
New Dwelling Completion,2012,Q3,Cork City,Number,26
New Dwelling Completion,2012,Q3,Clare,Number,39
New Dwelling Completion,2012,Q3,Cavan,Number,23
New Dwelling Completion,2012,Q3,Cork,Number,129
New Dwelling Completion,2012,Q3,Carlow,Number,11
New Dwelling Completion,2012,Q3,Dublin City,Number,68
New Dwelling Completion,2012,Q3,Dún Laoghaire Rathdown,Number,33
New Dwelling Completion,2012,Q3,Donegal,Number,92
New Dwelling Completion,2012,Q3,Fingal,Number,24
New Dwelling Completion,2012,Q3,Galway,Number,72
New Dwelling Completion,2012,Q3,Galway City,Number,4
New Dwelling Completion,2012,Q3,Kildare,Number,42
New Dwelling Completion,2012,Q3,Kilkenny,Number,21
New Dwelling Completion,2012,Q3,Kerry,Number,40
New Dwelling Completion,2012,Q3,Longford,Number,29
New Dwelling Completion,2012,Q3,Louth,Number,59
New Dwelling Completion,2012,Q3,Limerick City &,Number,47
New Dwelling Completion,2012,Q3,Leitrim,Number,13
New Dwelling Completion,2012,Q3,Laois,Number,31
New Dwelling Completion,2012,Q3,Meath,Number,42
New Dwelling Completion,2012,Q3,Monaghan,Number,27
New Dwelling Completion,2012,Q3,Mayo,Number,54
New Dwelling Completion,2012,Q3,Offaly,Number,23
New Dwelling Completion,2012,Q3,Roscommon,Number,16
New Dwelling Completion,2012,Q3,South Dublin,Number,20
New Dwelling Completion,2012,Q3,Sligo,Number,22
New Dwelling Completion,2012,Q3,Tipperary,Number,57
New Dwelling Completion,2012,Q3,Waterford City &,Number,23
New Dwelling Completion,2012,Q3,Westmeath,Number,21
New Dwelling Completion,2012,Q3,Wicklow,Number,58
New Dwelling Completion,2012,Q3,Wexford,Number,39
New Dwelling Completion,2012,Q4,Ireland,Number,1458
New Dwelling Completion,2012,Q4,Cork City,Number,22
New Dwelling Completion,2012,Q4,Clare,Number,39
New Dwelling Completion,2012,Q4,Cavan,Number,33
New Dwelling Completion,2012,Q4,Cork,Number,148
New Dwelling Completion,2012,Q4,Carlow,Number,17
New Dwelling Completion,2012,Q4,Dublin City,Number,71
New Dwelling Completion,2012,Q4,Dún Laoghaire Rathdown,Number,34
New Dwelling Completion,2012,Q4,Donegal,Number,78
New Dwelling Completion,2012,Q4,Fingal,Number,49
New Dwelling Completion,2012,Q4,Galway,Number,91
New Dwelling Completion,2012,Q4,Galway City,Number,5
New Dwelling Completion,2012,Q4,Kildare,Number,70
New Dwelling Completion,2012,Q4,Kilkenny,Number,44
New Dwelling Completion,2012,Q4,Kerry,Number,84
New Dwelling Completion,2012,Q4,Longford,Number,7
New Dwelling Completion,2012,Q4,Louth,Number,81
New Dwelling Completion,2012,Q4,Limerick City &,Number,108
New Dwelling Completion,2012,Q4,Leitrim,Number,9
New Dwelling Completion,2012,Q4,Laois,Number,26
New Dwelling Completion,2012,Q4,Meath,Number,63
New Dwelling Completion,2012,Q4,Monaghan,Number,15
New Dwelling Completion,2012,Q4,Mayo,Number,45
New Dwelling Completion,2012,Q4,Offaly,Number,26
New Dwelling Completion,2012,Q4,Roscommon,Number,16
New Dwelling Completion,2012,Q4,South Dublin,Number,75
New Dwelling Completion,2012,Q4,Sligo,Number,18
New Dwelling Completion,2012,Q4,Tipperary,Number,41
New Dwelling Completion,2012,Q4,Waterford City &,Number,38
New Dwelling Completion,2012,Q4,Westmeath,Number,20
New Dwelling Completion,2012,Q4,Wicklow,Number,30
New Dwelling Completion,2012,Q4,Wexford,Number,55
New Dwelling Completion,2013,Q1,Ireland,Number,889
New Dwelling Completion,2013,Q1,Cork City,Number,16
New Dwelling Completion,2013,Q1,Clare,Number,27
New Dwelling Completion,2013,Q1,Cavan,Number,15
New Dwelling Completion,2013,Q1,Cork,Number,88
New Dwelling Completion,2013,Q1,Carlow,Number,7
New Dwelling Completion,2013,Q1,Dublin City,Number,36
New Dwelling Completion,2013,Q1,Dún Laoghaire Rathdown,Number,22
New Dwelling Completion,2013,Q1,Donegal,Number,54
New Dwelling Completion,2013,Q1,Fingal,Number,27
New Dwelling Completion,2013,Q1,Galway,Number,75
New Dwelling Completion,2013,Q1,Galway City,Number,3
New Dwelling Completion,2013,Q1,Kildare,Number,34
New Dwelling Completion,2013,Q1,Kilkenny,Number,19
New Dwelling Completion,2013,Q1,Kerry,Number,39
New Dwelling Completion,2013,Q1,Longford,Number,8
New Dwelling Completion,2013,Q1,Louth,Number,48
New Dwelling Completion,2013,Q1,Limerick City &,Number,46
New Dwelling Completion,2013,Q1,Leitrim,Number,10
New Dwelling Completion,2013,Q1,Laois,Number,13
New Dwelling Completion,2013,Q1,Meath,Number,36
New Dwelling Completion,2013,Q1,Monaghan,Number,16
New Dwelling Completion,2013,Q1,Mayo,Number,38
New Dwelling Completion,2013,Q1,Offaly,Number,12
New Dwelling Completion,2013,Q1,Roscommon,Number,22
New Dwelling Completion,2013,Q1,South Dublin,Number,28
New Dwelling Completion,2013,Q1,Sligo,Number,30
New Dwelling Completion,2013,Q1,Tipperary,Number,25
New Dwelling Completion,2013,Q1,Waterford City &,Number,23
New Dwelling Completion,2013,Q1,Westmeath,Number,13
New Dwelling Completion,2013,Q1,Wicklow,Number,30
New Dwelling Completion,2013,Q1,Wexford,Number,29
New Dwelling Completion,2013,Q2,Ireland,Number,1146
New Dwelling Completion,2013,Q2,Cork City,Number,69
New Dwelling Completion,2013,Q2,Clare,Number,31
New Dwelling Completion,2013,Q2,Cavan,Number,17
New Dwelling Completion,2013,Q2,Cork,Number,101
New Dwelling Completion,2013,Q2,Carlow,Number,10
New Dwelling Completion,2013,Q2,Dublin City,Number,111
New Dwelling Completion,2013,Q2,Dún Laoghaire Rathdown,Number,24
New Dwelling Completion,2013,Q2,Donegal,Number,60
New Dwelling Completion,2013,Q2,Fingal,Number,25
New Dwelling Completion,2013,Q2,Galway,Number,57
New Dwelling Completion,2013,Q2,Galway City,Number,31
New Dwelling Completion,2013,Q2,Kildare,Number,52
New Dwelling Completion,2013,Q2,Kilkenny,Number,34
New Dwelling Completion,2013,Q2,Kerry,Number,42
New Dwelling Completion,2013,Q2,Longford,Number,7
New Dwelling Completion,2013,Q2,Louth,Number,79
New Dwelling Completion,2013,Q2,Limerick City &,Number,36
New Dwelling Completion,2013,Q2,Leitrim,Number,12
New Dwelling Completion,2013,Q2,Laois,Number,24
New Dwelling Completion,2013,Q2,Meath,Number,37
New Dwelling Completion,2013,Q2,Monaghan,Number,15
New Dwelling Completion,2013,Q2,Mayo,Number,45
New Dwelling Completion,2013,Q2,Offaly,Number,14
New Dwelling Completion,2013,Q2,Roscommon,Number,16
New Dwelling Completion,2013,Q2,South Dublin,Number,25
New Dwelling Completion,2013,Q2,Sligo,Number,15
New Dwelling Completion,2013,Q2,Tipperary,Number,38
New Dwelling Completion,2013,Q2,Waterford City &,Number,21
New Dwelling Completion,2013,Q2,Westmeath,Number,18
New Dwelling Completion,2013,Q2,Wicklow,Number,41
New Dwelling Completion,2013,Q2,Wexford,Number,39
New Dwelling Completion,2013,Q3,Ireland,Number,1033
New Dwelling Completion,2013,Q3,Cork City,Number,14
New Dwelling Completion,2013,Q3,Clare,Number,26
New Dwelling Completion,2013,Q3,Cavan,Number,16
New Dwelling Completion,2013,Q3,Cork,Number,103
New Dwelling Completion,2013,Q3,Carlow,Number,16
New Dwelling Completion,2013,Q3,Dublin City,Number,57
New Dwelling Completion,2013,Q3,Dún Laoghaire Rathdown,Number,30
New Dwelling Completion,2013,Q3,Donegal,Number,62
New Dwelling Completion,2013,Q3,Fingal,Number,61
New Dwelling Completion,2013,Q3,Galway,Number,62
New Dwelling Completion,2013,Q3,Galway City,Number,9
New Dwelling Completion,2013,Q3,Kildare,Number,51
New Dwelling Completion,2013,Q3,Kilkenny,Number,31
New Dwelling Completion,2013,Q3,Kerry,Number,54
New Dwelling Completion,2013,Q3,Longford,Number,9
New Dwelling Completion,2013,Q3,Louth,Number,37
New Dwelling Completion,2013,Q3,Limerick City &,Number,24
New Dwelling Completion,2013,Q3,Leitrim,Number,10
New Dwelling Completion,2013,Q3,Laois,Number,18
New Dwelling Completion,2013,Q3,Meath,Number,33
New Dwelling Completion,2013,Q3,Monaghan,Number,18
New Dwelling Completion,2013,Q3,Mayo,Number,41
New Dwelling Completion,2013,Q3,Offaly,Number,10
New Dwelling Completion,2013,Q3,Roscommon,Number,20
New Dwelling Completion,2013,Q3,South Dublin,Number,33
New Dwelling Completion,2013,Q3,Sligo,Number,23
New Dwelling Completion,2013,Q3,Tipperary,Number,23
New Dwelling Completion,2013,Q3,Waterford City &,Number,24
New Dwelling Completion,2013,Q3,Westmeath,Number,17
New Dwelling Completion,2013,Q3,Wicklow,Number,41
New Dwelling Completion,2013,Q3,Wexford,Number,60
New Dwelling Completion,2013,Q4,Ireland,Number,1507
New Dwelling Completion,2013,Q4,Cork City,Number,59
New Dwelling Completion,2013,Q4,Clare,Number,39
New Dwelling Completion,2013,Q4,Cavan,Number,21
New Dwelling Completion,2013,Q4,Cork,Number,119
New Dwelling Completion,2013,Q4,Carlow,Number,9
New Dwelling Completion,2013,Q4,Dublin City,Number,90
New Dwelling Completion,2013,Q4,Dún Laoghaire Rathdown,Number,132
New Dwelling Completion,2013,Q4,Donegal,Number,74
New Dwelling Completion,2013,Q4,Fingal,Number,72
New Dwelling Completion,2013,Q4,Galway,Number,67
New Dwelling Completion,2013,Q4,Galway City,Number,7
New Dwelling Completion,2013,Q4,Kildare,Number,57
New Dwelling Completion,2013,Q4,Kilkenny,Number,28
New Dwelling Completion,2013,Q4,Kerry,Number,59
New Dwelling Completion,2013,Q4,Longford,Number,11
New Dwelling Completion,2013,Q4,Louth,Number,41
New Dwelling Completion,2013,Q4,Limerick City &,Number,108
New Dwelling Completion,2013,Q4,Leitrim,Number,9
New Dwelling Completion,2013,Q4,Laois,Number,30
New Dwelling Completion,2013,Q4,Meath,Number,54
New Dwelling Completion,2013,Q4,Monaghan,Number,36
New Dwelling Completion,2013,Q4,Mayo,Number,90
New Dwelling Completion,2013,Q4,Offaly,Number,19
New Dwelling Completion,2013,Q4,Roscommon,Number,22
New Dwelling Completion,2013,Q4,South Dublin,Number,56
New Dwelling Completion,2013,Q4,Sligo,Number,22
New Dwelling Completion,2013,Q4,Tipperary,Number,48
New Dwelling Completion,2013,Q4,Waterford City &,Number,23
New Dwelling Completion,2013,Q4,Westmeath,Number,18
New Dwelling Completion,2013,Q4,Wicklow,Number,26
New Dwelling Completion,2013,Q4,Wexford,Number,61
New Dwelling Completion,2014,Q1,Ireland,Number,1094
New Dwelling Completion,2014,Q1,Cork City,Number,9
New Dwelling Completion,2014,Q1,Clare,Number,38
New Dwelling Completion,2014,Q1,Cavan,Number,25
New Dwelling Completion,2014,Q1,Cork,Number,91
New Dwelling Completion,2014,Q1,Carlow,Number,22
New Dwelling Completion,2014,Q1,Dublin City,Number,56
New Dwelling Completion,2014,Q1,Dún Laoghaire Rathdown,Number,143
New Dwelling Completion,2014,Q1,Donegal,Number,55
New Dwelling Completion,2014,Q1,Fingal,Number,53
New Dwelling Completion,2014,Q1,Galway,Number,65
New Dwelling Completion,2014,Q1,Galway City,Number,6
New Dwelling Completion,2014,Q1,Kildare,Number,58
New Dwelling Completion,2014,Q1,Kilkenny,Number,20
New Dwelling Completion,2014,Q1,Kerry,Number,40
New Dwelling Completion,2014,Q1,Longford,Number,17
New Dwelling Completion,2014,Q1,Louth,Number,27
New Dwelling Completion,2014,Q1,Limerick City &,Number,27
New Dwelling Completion,2014,Q1,Leitrim,Number,7
New Dwelling Completion,2014,Q1,Laois,Number,24
New Dwelling Completion,2014,Q1,Meath,Number,39
New Dwelling Completion,2014,Q1,Monaghan,Number,11
New Dwelling Completion,2014,Q1,Mayo,Number,35
New Dwelling Completion,2014,Q1,Offaly,Number,14
New Dwelling Completion,2014,Q1,Roscommon,Number,17
New Dwelling Completion,2014,Q1,South Dublin,Number,49
New Dwelling Completion,2014,Q1,Sligo,Number,9
New Dwelling Completion,2014,Q1,Tipperary,Number,28
New Dwelling Completion,2014,Q1,Waterford City &,Number,20
New Dwelling Completion,2014,Q1,Westmeath,Number,23
New Dwelling Completion,2014,Q1,Wicklow,Number,29
New Dwelling Completion,2014,Q1,Wexford,Number,37
New Dwelling Completion,2014,Q2,Ireland,Number,1318
New Dwelling Completion,2014,Q2,Cork City,Number,27
New Dwelling Completion,2014,Q2,Clare,Number,34
New Dwelling Completion,2014,Q2,Cavan,Number,22
New Dwelling Completion,2014,Q2,Cork,Number,113
New Dwelling Completion,2014,Q2,Carlow,Number,18
New Dwelling Completion,2014,Q2,Dublin City,Number,243
New Dwelling Completion,2014,Q2,Dún Laoghaire Rathdown,Number,64
New Dwelling Completion,2014,Q2,Donegal,Number,62
New Dwelling Completion,2014,Q2,Fingal,Number,74
New Dwelling Completion,2014,Q2,Galway,Number,59
New Dwelling Completion,2014,Q2,Galway City,Number,18
New Dwelling Completion,2014,Q2,Kildare,Number,65
New Dwelling Completion,2014,Q2,Kilkenny,Number,22
New Dwelling Completion,2014,Q2,Kerry,Number,42
New Dwelling Completion,2014,Q2,Longford,Number,8
New Dwelling Completion,2014,Q2,Louth,Number,29
New Dwelling Completion,2014,Q2,Limerick City &,Number,39
New Dwelling Completion,2014,Q2,Leitrim,Number,7
New Dwelling Completion,2014,Q2,Laois,Number,15
New Dwelling Completion,2014,Q2,Meath,Number,53
New Dwelling Completion,2014,Q2,Monaghan,Number,17
New Dwelling Completion,2014,Q2,Mayo,Number,50
New Dwelling Completion,2014,Q2,Offaly,Number,11
New Dwelling Completion,2014,Q2,Roscommon,Number,10
New Dwelling Completion,2014,Q2,South Dublin,Number,60
New Dwelling Completion,2014,Q2,Sligo,Number,21
New Dwelling Completion,2014,Q2,Tipperary,Number,33
New Dwelling Completion,2014,Q2,Waterford City &,Number,15
New Dwelling Completion,2014,Q2,Westmeath,Number,12
New Dwelling Completion,2014,Q2,Wicklow,Number,36
New Dwelling Completion,2014,Q2,Wexford,Number,39
New Dwelling Completion,2014,Q3,Ireland,Number,1404
New Dwelling Completion,2014,Q3,Cork City,Number,33
New Dwelling Completion,2014,Q3,Clare,Number,45
New Dwelling Completion,2014,Q3,Cavan,Number,23
New Dwelling Completion,2014,Q3,Cork,Number,111
New Dwelling Completion,2014,Q3,Carlow,Number,21
New Dwelling Completion,2014,Q3,Dublin City,Number,145
New Dwelling Completion,2014,Q3,Dún Laoghaire Rathdown,Number,75
New Dwelling Completion,2014,Q3,Donegal,Number,63
New Dwelling Completion,2014,Q3,Fingal,Number,152
New Dwelling Completion,2014,Q3,Galway,Number,72
New Dwelling Completion,2014,Q3,Galway City,Number,12
New Dwelling Completion,2014,Q3,Kildare,Number,75
New Dwelling Completion,2014,Q3,Kilkenny,Number,25
New Dwelling Completion,2014,Q3,Kerry,Number,44
New Dwelling Completion,2014,Q3,Longford,Number,15
New Dwelling Completion,2014,Q3,Louth,Number,46
New Dwelling Completion,2014,Q3,Limerick City &,Number,38
New Dwelling Completion,2014,Q3,Leitrim,Number,8
New Dwelling Completion,2014,Q3,Laois,Number,15
New Dwelling Completion,2014,Q3,Meath,Number,61
New Dwelling Completion,2014,Q3,Monaghan,Number,21
New Dwelling Completion,2014,Q3,Mayo,Number,45
New Dwelling Completion,2014,Q3,Offaly,Number,22
New Dwelling Completion,2014,Q3,Roscommon,Number,17
New Dwelling Completion,2014,Q3,South Dublin,Number,60
New Dwelling Completion,2014,Q3,Sligo,Number,12
New Dwelling Completion,2014,Q3,Tipperary,Number,34
New Dwelling Completion,2014,Q3,Waterford City &,Number,12
New Dwelling Completion,2014,Q3,Westmeath,Number,15
New Dwelling Completion,2014,Q3,Wicklow,Number,36
New Dwelling Completion,2014,Q3,Wexford,Number,51
New Dwelling Completion,2014,Q4,Ireland,Number,1702
New Dwelling Completion,2014,Q4,Cork City,Number,20
New Dwelling Completion,2014,Q4,Clare,Number,44
New Dwelling Completion,2014,Q4,Cavan,Number,32
New Dwelling Completion,2014,Q4,Cork,Number,157
New Dwelling Completion,2014,Q4,Carlow,Number,12
New Dwelling Completion,2014,Q4,Dublin City,Number,102
New Dwelling Completion,2014,Q4,Dún Laoghaire Rathdown,Number,184
New Dwelling Completion,2014,Q4,Donegal,Number,76
New Dwelling Completion,2014,Q4,Fingal,Number,178
New Dwelling Completion,2014,Q4,Galway,Number,67
New Dwelling Completion,2014,Q4,Galway City,Number,11
New Dwelling Completion,2014,Q4,Kildare,Number,102
New Dwelling Completion,2014,Q4,Kilkenny,Number,36
New Dwelling Completion,2014,Q4,Kerry,Number,52
New Dwelling Completion,2014,Q4,Longford,Number,14
New Dwelling Completion,2014,Q4,Louth,Number,44
New Dwelling Completion,2014,Q4,Limerick City &,Number,28
New Dwelling Completion,2014,Q4,Leitrim,Number,14
New Dwelling Completion,2014,Q4,Laois,Number,25
New Dwelling Completion,2014,Q4,Meath,Number,71
New Dwelling Completion,2014,Q4,Monaghan,Number,23
New Dwelling Completion,2014,Q4,Mayo,Number,51
New Dwelling Completion,2014,Q4,Offaly,Number,20
New Dwelling Completion,2014,Q4,Roscommon,Number,23
New Dwelling Completion,2014,Q4,South Dublin,Number,70
New Dwelling Completion,2014,Q4,Sligo,Number,18
New Dwelling Completion,2014,Q4,Tipperary,Number,38
New Dwelling Completion,2014,Q4,Waterford City &,Number,34
New Dwelling Completion,2014,Q4,Westmeath,Number,34
New Dwelling Completion,2014,Q4,Wicklow,Number,54
New Dwelling Completion,2014,Q4,Wexford,Number,68
New Dwelling Completion,2015,Q1,Ireland,Number,1371
New Dwelling Completion,2015,Q1,Cork City,Number,30
New Dwelling Completion,2015,Q1,Clare,Number,22
New Dwelling Completion,2015,Q1,Cavan,Number,17
New Dwelling Completion,2015,Q1,Cork,Number,108
New Dwelling Completion,2015,Q1,Carlow,Number,17
New Dwelling Completion,2015,Q1,Dublin City,Number,132
New Dwelling Completion,2015,Q1,Dún Laoghaire Rathdown,Number,63
New Dwelling Completion,2015,Q1,Donegal,Number,51
New Dwelling Completion,2015,Q1,Fingal,Number,180
New Dwelling Completion,2015,Q1,Galway,Number,63
New Dwelling Completion,2015,Q1,Galway City,Number,10
New Dwelling Completion,2015,Q1,Kildare,Number,107
New Dwelling Completion,2015,Q1,Kilkenny,Number,18
New Dwelling Completion,2015,Q1,Kerry,Number,30
New Dwelling Completion,2015,Q1,Longford,Number,6
New Dwelling Completion,2015,Q1,Louth,Number,67
New Dwelling Completion,2015,Q1,Limerick City &,Number,36
New Dwelling Completion,2015,Q1,Leitrim,Number,11
New Dwelling Completion,2015,Q1,Laois,Number,16
New Dwelling Completion,2015,Q1,Meath,Number,53
New Dwelling Completion,2015,Q1,Monaghan,Number,21
New Dwelling Completion,2015,Q1,Mayo,Number,36
New Dwelling Completion,2015,Q1,Offaly,Number,17
New Dwelling Completion,2015,Q1,Roscommon,Number,10
New Dwelling Completion,2015,Q1,South Dublin,Number,70
New Dwelling Completion,2015,Q1,Sligo,Number,16
New Dwelling Completion,2015,Q1,Tipperary,Number,36
New Dwelling Completion,2015,Q1,Waterford City &,Number,17
New Dwelling Completion,2015,Q1,Westmeath,Number,11
New Dwelling Completion,2015,Q1,Wicklow,Number,51
New Dwelling Completion,2015,Q1,Wexford,Number,49
New Dwelling Completion,2015,Q2,Ireland,Number,1570
New Dwelling Completion,2015,Q2,Cork City,Number,36
New Dwelling Completion,2015,Q2,Clare,Number,39
New Dwelling Completion,2015,Q2,Cavan,Number,12
New Dwelling Completion,2015,Q2,Cork,Number,141
New Dwelling Completion,2015,Q2,Carlow,Number,15
New Dwelling Completion,2015,Q2,Dublin City,Number,95
New Dwelling Completion,2015,Q2,Dún Laoghaire Rathdown,Number,54
New Dwelling Completion,2015,Q2,Donegal,Number,67
New Dwelling Completion,2015,Q2,Fingal,Number,239
New Dwelling Completion,2015,Q2,Galway,Number,74
New Dwelling Completion,2015,Q2,Galway City,Number,15
New Dwelling Completion,2015,Q2,Kildare,Number,145
New Dwelling Completion,2015,Q2,Kilkenny,Number,23
New Dwelling Completion,2015,Q2,Kerry,Number,40
New Dwelling Completion,2015,Q2,Longford,Number,19
New Dwelling Completion,2015,Q2,Louth,Number,27
New Dwelling Completion,2015,Q2,Limerick City &,Number,33
New Dwelling Completion,2015,Q2,Leitrim,Number,10
New Dwelling Completion,2015,Q2,Laois,Number,21
New Dwelling Completion,2015,Q2,Meath,Number,78
New Dwelling Completion,2015,Q2,Monaghan,Number,26
New Dwelling Completion,2015,Q2,Mayo,Number,44
New Dwelling Completion,2015,Q2,Offaly,Number,21
New Dwelling Completion,2015,Q2,Roscommon,Number,24
New Dwelling Completion,2015,Q2,South Dublin,Number,50
New Dwelling Completion,2015,Q2,Sligo,Number,9
New Dwelling Completion,2015,Q2,Tipperary,Number,38
New Dwelling Completion,2015,Q2,Waterford City &,Number,42
New Dwelling Completion,2015,Q2,Westmeath,Number,20
New Dwelling Completion,2015,Q2,Wicklow,Number,60
New Dwelling Completion,2015,Q2,Wexford,Number,53
New Dwelling Completion,2015,Q3,Ireland,Number,2033
New Dwelling Completion,2015,Q3,Cork City,Number,33
New Dwelling Completion,2015,Q3,Clare,Number,34
New Dwelling Completion,2015,Q3,Cavan,Number,24
New Dwelling Completion,2015,Q3,Cork,Number,162
New Dwelling Completion,2015,Q3,Carlow,Number,34
New Dwelling Completion,2015,Q3,Dublin City,Number,112
New Dwelling Completion,2015,Q3,Dún Laoghaire Rathdown,Number,92
New Dwelling Completion,2015,Q3,Donegal,Number,58
New Dwelling Completion,2015,Q3,Fingal,Number,263
New Dwelling Completion,2015,Q3,Galway,Number,99
New Dwelling Completion,2015,Q3,Galway City,Number,14
New Dwelling Completion,2015,Q3,Kildare,Number,163
New Dwelling Completion,2015,Q3,Kilkenny,Number,33
New Dwelling Completion,2015,Q3,Kerry,Number,57
New Dwelling Completion,2015,Q3,Longford,Number,13
New Dwelling Completion,2015,Q3,Louth,Number,30
New Dwelling Completion,2015,Q3,Limerick City &,Number,64
New Dwelling Completion,2015,Q3,Leitrim,Number,17
New Dwelling Completion,2015,Q3,Laois,Number,25
New Dwelling Completion,2015,Q3,Meath,Number,88
New Dwelling Completion,2015,Q3,Monaghan,Number,28
New Dwelling Completion,2015,Q3,Mayo,Number,65
New Dwelling Completion,2015,Q3,Offaly,Number,54
New Dwelling Completion,2015,Q3,Roscommon,Number,20
New Dwelling Completion,2015,Q3,South Dublin,Number,96
New Dwelling Completion,2015,Q3,Sligo,Number,22
New Dwelling Completion,2015,Q3,Tipperary,Number,44
New Dwelling Completion,2015,Q3,Waterford City &,Number,94
New Dwelling Completion,2015,Q3,Westmeath,Number,26
New Dwelling Completion,2015,Q3,Wicklow,Number,102
New Dwelling Completion,2015,Q3,Wexford,Number,67
New Dwelling Completion,2015,Q4,Ireland,Number,2245
New Dwelling Completion,2015,Q4,Cork City,Number,93
New Dwelling Completion,2015,Q4,Clare,Number,51
New Dwelling Completion,2015,Q4,Cavan,Number,38
New Dwelling Completion,2015,Q4,Cork,Number,175
New Dwelling Completion,2015,Q4,Carlow,Number,33
New Dwelling Completion,2015,Q4,Dublin City,Number,146
New Dwelling Completion,2015,Q4,Dún Laoghaire Rathdown,Number,86
New Dwelling Completion,2015,Q4,Donegal,Number,69
New Dwelling Completion,2015,Q4,Fingal,Number,349
New Dwelling Completion,2015,Q4,Galway,Number,102
New Dwelling Completion,2015,Q4,Galway City,Number,12
New Dwelling Completion,2015,Q4,Kildare,Number,162
New Dwelling Completion,2015,Q4,Kilkenny,Number,36
New Dwelling Completion,2015,Q4,Kerry,Number,65
New Dwelling Completion,2015,Q4,Longford,Number,12
New Dwelling Completion,2015,Q4,Louth,Number,47
New Dwelling Completion,2015,Q4,Limerick City &,Number,79
New Dwelling Completion,2015,Q4,Leitrim,Number,17
New Dwelling Completion,2015,Q4,Laois,Number,22
New Dwelling Completion,2015,Q4,Meath,Number,106
New Dwelling Completion,2015,Q4,Monaghan,Number,44
New Dwelling Completion,2015,Q4,Mayo,Number,51
New Dwelling Completion,2015,Q4,Offaly,Number,20
New Dwelling Completion,2015,Q4,Roscommon,Number,16
New Dwelling Completion,2015,Q4,South Dublin,Number,90
New Dwelling Completion,2015,Q4,Sligo,Number,27
New Dwelling Completion,2015,Q4,Tipperary,Number,53
New Dwelling Completion,2015,Q4,Waterford City &,Number,44
New Dwelling Completion,2015,Q4,Westmeath,Number,28
New Dwelling Completion,2015,Q4,Wicklow,Number,80
New Dwelling Completion,2015,Q4,Wexford,Number,92
New Dwelling Completion,2016,Q1,Ireland,Number,1939
New Dwelling Completion,2016,Q1,Cork City,Number,67
New Dwelling Completion,2016,Q1,Clare,Number,37
New Dwelling Completion,2016,Q1,Cavan,Number,20
New Dwelling Completion,2016,Q1,Cork,Number,129
New Dwelling Completion,2016,Q1,Carlow,Number,15
New Dwelling Completion,2016,Q1,Dublin City,Number,176
New Dwelling Completion,2016,Q1,Dún Laoghaire Rathdown,Number,276
New Dwelling Completion,2016,Q1,Donegal,Number,57
New Dwelling Completion,2016,Q1,Fingal,Number,277
New Dwelling Completion,2016,Q1,Galway,Number,78
New Dwelling Completion,2016,Q1,Galway City,Number,19
New Dwelling Completion,2016,Q1,Kildare,Number,119
New Dwelling Completion,2016,Q1,Kilkenny,Number,22
New Dwelling Completion,2016,Q1,Kerry,Number,42
New Dwelling Completion,2016,Q1,Longford,Number,15
New Dwelling Completion,2016,Q1,Louth,Number,38
New Dwelling Completion,2016,Q1,Limerick City &,Number,58
New Dwelling Completion,2016,Q1,Leitrim,Number,9
New Dwelling Completion,2016,Q1,Laois,Number,25
New Dwelling Completion,2016,Q1,Meath,Number,88
New Dwelling Completion,2016,Q1,Monaghan,Number,19
New Dwelling Completion,2016,Q1,Mayo,Number,40
New Dwelling Completion,2016,Q1,Offaly,Number,18
New Dwelling Completion,2016,Q1,Roscommon,Number,14
New Dwelling Completion,2016,Q1,South Dublin,Number,62
New Dwelling Completion,2016,Q1,Sligo,Number,13
New Dwelling Completion,2016,Q1,Tipperary,Number,34
New Dwelling Completion,2016,Q1,Waterford City &,Number,37
New Dwelling Completion,2016,Q1,Westmeath,Number,24
New Dwelling Completion,2016,Q1,Wicklow,Number,54
New Dwelling Completion,2016,Q1,Wexford,Number,57
New Dwelling Completion,2016,Q2,Ireland,Number,2371
New Dwelling Completion,2016,Q2,Cork City,Number,67
New Dwelling Completion,2016,Q2,Clare,Number,48
New Dwelling Completion,2016,Q2,Cavan,Number,47
New Dwelling Completion,2016,Q2,Cork,Number,161
New Dwelling Completion,2016,Q2,Carlow,Number,18
New Dwelling Completion,2016,Q2,Dublin City,Number,234
New Dwelling Completion,2016,Q2,Dún Laoghaire Rathdown,Number,153
New Dwelling Completion,2016,Q2,Donegal,Number,82
New Dwelling Completion,2016,Q2,Fingal,Number,367
New Dwelling Completion,2016,Q2,Galway,Number,107
New Dwelling Completion,2016,Q2,Galway City,Number,27
New Dwelling Completion,2016,Q2,Kildare,Number,153
New Dwelling Completion,2016,Q2,Kilkenny,Number,38
New Dwelling Completion,2016,Q2,Kerry,Number,67
New Dwelling Completion,2016,Q2,Longford,Number,15
New Dwelling Completion,2016,Q2,Louth,Number,58
New Dwelling Completion,2016,Q2,Limerick City &,Number,63
New Dwelling Completion,2016,Q2,Leitrim,Number,18
New Dwelling Completion,2016,Q2,Laois,Number,27
New Dwelling Completion,2016,Q2,Meath,Number,143
New Dwelling Completion,2016,Q2,Monaghan,Number,20
New Dwelling Completion,2016,Q2,Mayo,Number,49
New Dwelling Completion,2016,Q2,Offaly,Number,18
New Dwelling Completion,2016,Q2,Roscommon,Number,27
New Dwelling Completion,2016,Q2,South Dublin,Number,87
New Dwelling Completion,2016,Q2,Sligo,Number,21
New Dwelling Completion,2016,Q2,Tipperary,Number,43
New Dwelling Completion,2016,Q2,Waterford City &,Number,30
New Dwelling Completion,2016,Q2,Westmeath,Number,21
New Dwelling Completion,2016,Q2,Wicklow,Number,80
New Dwelling Completion,2016,Q2,Wexford,Number,82
New Dwelling Completion,2016,Q3,Ireland,Number,2453
New Dwelling Completion,2016,Q3,Cork City,Number,54
New Dwelling Completion,2016,Q3,Clare,Number,55
New Dwelling Completion,2016,Q3,Cavan,Number,43
New Dwelling Completion,2016,Q3,Cork,Number,197
New Dwelling Completion,2016,Q3,Carlow,Number,24
New Dwelling Completion,2016,Q3,Dublin City,Number,251
New Dwelling Completion,2016,Q3,Dún Laoghaire Rathdown,Number,222
New Dwelling Completion,2016,Q3,Donegal,Number,74
New Dwelling Completion,2016,Q3,Fingal,Number,233
New Dwelling Completion,2016,Q3,Galway,Number,103
New Dwelling Completion,2016,Q3,Galway City,Number,37
New Dwelling Completion,2016,Q3,Kildare,Number,141
New Dwelling Completion,2016,Q3,Kilkenny,Number,47
New Dwelling Completion,2016,Q3,Kerry,Number,77
New Dwelling Completion,2016,Q3,Longford,Number,13
New Dwelling Completion,2016,Q3,Louth,Number,39
New Dwelling Completion,2016,Q3,Limerick City &,Number,58
New Dwelling Completion,2016,Q3,Leitrim,Number,14
New Dwelling Completion,2016,Q3,Laois,Number,21
New Dwelling Completion,2016,Q3,Meath,Number,188
New Dwelling Completion,2016,Q3,Monaghan,Number,21
New Dwelling Completion,2016,Q3,Mayo,Number,67
New Dwelling Completion,2016,Q3,Offaly,Number,19
New Dwelling Completion,2016,Q3,Roscommon,Number,24
New Dwelling Completion,2016,Q3,South Dublin,Number,130
New Dwelling Completion,2016,Q3,Sligo,Number,31
New Dwelling Completion,2016,Q3,Tipperary,Number,47
New Dwelling Completion,2016,Q3,Waterford City &,Number,51
New Dwelling Completion,2016,Q3,Westmeath,Number,29
New Dwelling Completion,2016,Q3,Wicklow,Number,87
New Dwelling Completion,2016,Q3,Wexford,Number,56
New Dwelling Completion,2016,Q4,Ireland,Number,2974
New Dwelling Completion,2016,Q4,Cork City,Number,86
New Dwelling Completion,2016,Q4,Clare,Number,85
New Dwelling Completion,2016,Q4,Cavan,Number,35
New Dwelling Completion,2016,Q4,Cork,Number,181
New Dwelling Completion,2016,Q4,Carlow,Number,26
New Dwelling Completion,2016,Q4,Dublin City,Number,223
New Dwelling Completion,2016,Q4,Dún Laoghaire Rathdown,Number,318
New Dwelling Completion,2016,Q4,Donegal,Number,73
New Dwelling Completion,2016,Q4,Fingal,Number,355
New Dwelling Completion,2016,Q4,Galway,Number,101
New Dwelling Completion,2016,Q4,Galway City,Number,30
New Dwelling Completion,2016,Q4,Kildare,Number,219
New Dwelling Completion,2016,Q4,Kilkenny,Number,47
New Dwelling Completion,2016,Q4,Kerry,Number,62
New Dwelling Completion,2016,Q4,Longford,Number,16
New Dwelling Completion,2016,Q4,Louth,Number,65
New Dwelling Completion,2016,Q4,Limerick City &,Number,86
New Dwelling Completion,2016,Q4,Leitrim,Number,17
New Dwelling Completion,2016,Q4,Laois,Number,27
New Dwelling Completion,2016,Q4,Meath,Number,182
New Dwelling Completion,2016,Q4,Monaghan,Number,28
New Dwelling Completion,2016,Q4,Mayo,Number,91
New Dwelling Completion,2016,Q4,Offaly,Number,30
New Dwelling Completion,2016,Q4,Roscommon,Number,17
New Dwelling Completion,2016,Q4,South Dublin,Number,192
New Dwelling Completion,2016,Q4,Sligo,Number,22
New Dwelling Completion,2016,Q4,Tipperary,Number,34
New Dwelling Completion,2016,Q4,Waterford City &,Number,97
New Dwelling Completion,2016,Q4,Westmeath,Number,30
New Dwelling Completion,2016,Q4,Wicklow,Number,132
New Dwelling Completion,2016,Q4,Wexford,Number,67
New Dwelling Completion,2017,Q1,Ireland,Number,2744
New Dwelling Completion,2017,Q1,Cork City,Number,95
New Dwelling Completion,2017,Q1,Clare,Number,58
New Dwelling Completion,2017,Q1,Cavan,Number,35
New Dwelling Completion,2017,Q1,Cork,Number,186
New Dwelling Completion,2017,Q1,Carlow,Number,16
New Dwelling Completion,2017,Q1,Dublin City,Number,220
New Dwelling Completion,2017,Q1,Dún Laoghaire Rathdown,Number,374
New Dwelling Completion,2017,Q1,Donegal,Number,75
New Dwelling Completion,2017,Q1,Fingal,Number,291
New Dwelling Completion,2017,Q1,Galway,Number,111
New Dwelling Completion,2017,Q1,Galway City,Number,36
New Dwelling Completion,2017,Q1,Kildare,Number,193
New Dwelling Completion,2017,Q1,Kilkenny,Number,43
New Dwelling Completion,2017,Q1,Kerry,Number,54
New Dwelling Completion,2017,Q1,Longford,Number,9
New Dwelling Completion,2017,Q1,Louth,Number,75
New Dwelling Completion,2017,Q1,Limerick City &,Number,77
New Dwelling Completion,2017,Q1,Leitrim,Number,13
New Dwelling Completion,2017,Q1,Laois,Number,28
New Dwelling Completion,2017,Q1,Meath,Number,176
New Dwelling Completion,2017,Q1,Monaghan,Number,22
New Dwelling Completion,2017,Q1,Mayo,Number,37
New Dwelling Completion,2017,Q1,Offaly,Number,31
New Dwelling Completion,2017,Q1,Roscommon,Number,17
New Dwelling Completion,2017,Q1,South Dublin,Number,149
New Dwelling Completion,2017,Q1,Sligo,Number,20
New Dwelling Completion,2017,Q1,Tipperary,Number,33
New Dwelling Completion,2017,Q1,Waterford City &,Number,59
New Dwelling Completion,2017,Q1,Westmeath,Number,22
New Dwelling Completion,2017,Q1,Wicklow,Number,100
New Dwelling Completion,2017,Q1,Wexford,Number,89
New Dwelling Completion,2017,Q2,Ireland,Number,3234
New Dwelling Completion,2017,Q2,Cork City,Number,76
New Dwelling Completion,2017,Q2,Clare,Number,49
New Dwelling Completion,2017,Q2,Cavan,Number,38
New Dwelling Completion,2017,Q2,Cork,Number,239
New Dwelling Completion,2017,Q2,Carlow,Number,26
New Dwelling Completion,2017,Q2,Dublin City,Number,319
New Dwelling Completion,2017,Q2,Dún Laoghaire Rathdown,Number,346
New Dwelling Completion,2017,Q2,Donegal,Number,94
New Dwelling Completion,2017,Q2,Fingal,Number,343
New Dwelling Completion,2017,Q2,Galway,Number,101
New Dwelling Completion,2017,Q2,Galway City,Number,39
New Dwelling Completion,2017,Q2,Kildare,Number,215
New Dwelling Completion,2017,Q2,Kilkenny,Number,38
New Dwelling Completion,2017,Q2,Kerry,Number,79
New Dwelling Completion,2017,Q2,Longford,Number,18
New Dwelling Completion,2017,Q2,Louth,Number,61
New Dwelling Completion,2017,Q2,Limerick City &,Number,87
New Dwelling Completion,2017,Q2,Leitrim,Number,22
New Dwelling Completion,2017,Q2,Laois,Number,26
New Dwelling Completion,2017,Q2,Meath,Number,229
New Dwelling Completion,2017,Q2,Monaghan,Number,37
New Dwelling Completion,2017,Q2,Mayo,Number,72
New Dwelling Completion,2017,Q2,Offaly,Number,34
New Dwelling Completion,2017,Q2,Roscommon,Number,18
New Dwelling Completion,2017,Q2,South Dublin,Number,248
New Dwelling Completion,2017,Q2,Sligo,Number,24
New Dwelling Completion,2017,Q2,Tipperary,Number,47
New Dwelling Completion,2017,Q2,Waterford City &,Number,72
New Dwelling Completion,2017,Q2,Westmeath,Number,29
New Dwelling Completion,2017,Q2,Wicklow,Number,127
New Dwelling Completion,2017,Q2,Wexford,Number,81
New Dwelling Completion,2017,Q3,Ireland,Number,3720
New Dwelling Completion,2017,Q3,Cork City,Number,88
New Dwelling Completion,2017,Q3,Clare,Number,84
New Dwelling Completion,2017,Q3,Cavan,Number,27
New Dwelling Completion,2017,Q3,Cork,Number,237
New Dwelling Completion,2017,Q3,Carlow,Number,29
New Dwelling Completion,2017,Q3,Dublin City,Number,527
New Dwelling Completion,2017,Q3,Dún Laoghaire Rathdown,Number,179
New Dwelling Completion,2017,Q3,Donegal,Number,95
New Dwelling Completion,2017,Q3,Fingal,Number,568
New Dwelling Completion,2017,Q3,Galway,Number,115
New Dwelling Completion,2017,Q3,Galway City,Number,42
New Dwelling Completion,2017,Q3,Kildare,Number,260
New Dwelling Completion,2017,Q3,Kilkenny,Number,56
New Dwelling Completion,2017,Q3,Kerry,Number,84
New Dwelling Completion,2017,Q3,Longford,Number,23
New Dwelling Completion,2017,Q3,Louth,Number,114
New Dwelling Completion,2017,Q3,Limerick City &,Number,95
New Dwelling Completion,2017,Q3,Leitrim,Number,23
New Dwelling Completion,2017,Q3,Laois,Number,24
New Dwelling Completion,2017,Q3,Meath,Number,281
New Dwelling Completion,2017,Q3,Monaghan,Number,40
New Dwelling Completion,2017,Q3,Mayo,Number,59
New Dwelling Completion,2017,Q3,Offaly,Number,36
New Dwelling Completion,2017,Q3,Roscommon,Number,25
New Dwelling Completion,2017,Q3,South Dublin,Number,235
New Dwelling Completion,2017,Q3,Sligo,Number,33
New Dwelling Completion,2017,Q3,Tipperary,Number,46
New Dwelling Completion,2017,Q3,Waterford City &,Number,52
New Dwelling Completion,2017,Q3,Westmeath,Number,41
New Dwelling Completion,2017,Q3,Wicklow,Number,116
New Dwelling Completion,2017,Q3,Wexford,Number,86
New Dwelling Completion,2017,Q4,Ireland,Number,4532
New Dwelling Completion,2017,Q4,Cork City,Number,140
New Dwelling Completion,2017,Q4,Clare,Number,61
New Dwelling Completion,2017,Q4,Cavan,Number,38
New Dwelling Completion,2017,Q4,Cork,Number,312
New Dwelling Completion,2017,Q4,Carlow,Number,27
New Dwelling Completion,2017,Q4,Dublin City,Number,485
New Dwelling Completion,2017,Q4,Dún Laoghaire Rathdown,Number,287
New Dwelling Completion,2017,Q4,Donegal,Number,99
New Dwelling Completion,2017,Q4,Fingal,Number,622
New Dwelling Completion,2017,Q4,Galway,Number,154
New Dwelling Completion,2017,Q4,Galway City,Number,31
New Dwelling Completion,2017,Q4,Kildare,Number,316
New Dwelling Completion,2017,Q4,Kilkenny,Number,58
New Dwelling Completion,2017,Q4,Kerry,Number,86
New Dwelling Completion,2017,Q4,Longford,Number,25
New Dwelling Completion,2017,Q4,Louth,Number,120
New Dwelling Completion,2017,Q4,Limerick City &,Number,209
New Dwelling Completion,2017,Q4,Leitrim,Number,18
New Dwelling Completion,2017,Q4,Laois,Number,39
New Dwelling Completion,2017,Q4,Meath,Number,404
New Dwelling Completion,2017,Q4,Monaghan,Number,49
New Dwelling Completion,2017,Q4,Mayo,Number,72
New Dwelling Completion,2017,Q4,Offaly,Number,32
New Dwelling Completion,2017,Q4,Roscommon,Number,41
New Dwelling Completion,2017,Q4,South Dublin,Number,347
New Dwelling Completion,2017,Q4,Sligo,Number,47
New Dwelling Completion,2017,Q4,Tipperary,Number,56
New Dwelling Completion,2017,Q4,Waterford City &,Number,95
New Dwelling Completion,2017,Q4,Westmeath,Number,40
New Dwelling Completion,2017,Q4,Wicklow,Number,136
New Dwelling Completion,2017,Q4,Wexford,Number,86
New Dwelling Completion,2018,Q1,Ireland,Number,3434
New Dwelling Completion,2018,Q1,Cork City,Number,120
New Dwelling Completion,2018,Q1,Clare,Number,55
New Dwelling Completion,2018,Q1,Cavan,Number,35
New Dwelling Completion,2018,Q1,Cork,Number,223
New Dwelling Completion,2018,Q1,Carlow,Number,47
New Dwelling Completion,2018,Q1,Dublin City,Number,328
New Dwelling Completion,2018,Q1,Dún Laoghaire Rathdown,Number,212
New Dwelling Completion,2018,Q1,Donegal,Number,86
New Dwelling Completion,2018,Q1,Fingal,Number,410
New Dwelling Completion,2018,Q1,Galway,Number,113
New Dwelling Completion,2018,Q1,Galway City,Number,31
New Dwelling Completion,2018,Q1,Kildare,Number,245
New Dwelling Completion,2018,Q1,Kilkenny,Number,29
New Dwelling Completion,2018,Q1,Kerry,Number,92
New Dwelling Completion,2018,Q1,Longford,Number,14
New Dwelling Completion,2018,Q1,Louth,Number,125
New Dwelling Completion,2018,Q1,Limerick City &,Number,125
New Dwelling Completion,2018,Q1,Leitrim,Number,14
New Dwelling Completion,2018,Q1,Laois,Number,34
New Dwelling Completion,2018,Q1,Meath,Number,292
New Dwelling Completion,2018,Q1,Monaghan,Number,25
New Dwelling Completion,2018,Q1,Mayo,Number,70
New Dwelling Completion,2018,Q1,Offaly,Number,26
New Dwelling Completion,2018,Q1,Roscommon,Number,31
New Dwelling Completion,2018,Q1,South Dublin,Number,242
New Dwelling Completion,2018,Q1,Sligo,Number,31
New Dwelling Completion,2018,Q1,Tipperary,Number,38
New Dwelling Completion,2018,Q1,Waterford City &,Number,67
New Dwelling Completion,2018,Q1,Westmeath,Number,33
New Dwelling Completion,2018,Q1,Wicklow,Number,138
New Dwelling Completion,2018,Q1,Wexford,Number,103
New Dwelling Completion,2018,Q2,Ireland,Number,4361
New Dwelling Completion,2018,Q2,Cork City,Number,116
New Dwelling Completion,2018,Q2,Clare,Number,54
New Dwelling Completion,2018,Q2,Cavan,Number,39
New Dwelling Completion,2018,Q2,Cork,Number,324
New Dwelling Completion,2018,Q2,Carlow,Number,44
New Dwelling Completion,2018,Q2,Dublin City,Number,310
New Dwelling Completion,2018,Q2,Dún Laoghaire Rathdown,Number,348
New Dwelling Completion,2018,Q2,Donegal,Number,91
New Dwelling Completion,2018,Q2,Fingal,Number,665
New Dwelling Completion,2018,Q2,Galway,Number,132
New Dwelling Completion,2018,Q2,Galway City,Number,41
New Dwelling Completion,2018,Q2,Kildare,Number,271
New Dwelling Completion,2018,Q2,Kilkenny,Number,51
New Dwelling Completion,2018,Q2,Kerry,Number,80
New Dwelling Completion,2018,Q2,Longford,Number,15
New Dwelling Completion,2018,Q2,Louth,Number,149
New Dwelling Completion,2018,Q2,Limerick City &,Number,139
New Dwelling Completion,2018,Q2,Leitrim,Number,13
New Dwelling Completion,2018,Q2,Laois,Number,91
New Dwelling Completion,2018,Q2,Meath,Number,339
New Dwelling Completion,2018,Q2,Monaghan,Number,41
New Dwelling Completion,2018,Q2,Mayo,Number,70
New Dwelling Completion,2018,Q2,Offaly,Number,20
New Dwelling Completion,2018,Q2,Roscommon,Number,31
New Dwelling Completion,2018,Q2,South Dublin,Number,466
New Dwelling Completion,2018,Q2,Sligo,Number,36
New Dwelling Completion,2018,Q2,Tipperary,Number,44
New Dwelling Completion,2018,Q2,Waterford City &,Number,79
New Dwelling Completion,2018,Q2,Westmeath,Number,27
New Dwelling Completion,2018,Q2,Wicklow,Number,120
New Dwelling Completion,2018,Q2,Wexford,Number,115
New Dwelling Completion,2018,Q3,Ireland,Number,4598
New Dwelling Completion,2018,Q3,Cork City,Number,156
New Dwelling Completion,2018,Q3,Clare,Number,75
New Dwelling Completion,2018,Q3,Cavan,Number,37
New Dwelling Completion,2018,Q3,Cork,Number,291
New Dwelling Completion,2018,Q3,Carlow,Number,40
New Dwelling Completion,2018,Q3,Dublin City,Number,534
New Dwelling Completion,2018,Q3,Dún Laoghaire Rathdown,Number,367
New Dwelling Completion,2018,Q3,Donegal,Number,124
New Dwelling Completion,2018,Q3,Fingal,Number,514
New Dwelling Completion,2018,Q3,Galway,Number,122
New Dwelling Completion,2018,Q3,Galway City,Number,26
New Dwelling Completion,2018,Q3,Kildare,Number,326
New Dwelling Completion,2018,Q3,Kilkenny,Number,53
New Dwelling Completion,2018,Q3,Kerry,Number,117
New Dwelling Completion,2018,Q3,Longford,Number,11
New Dwelling Completion,2018,Q3,Louth,Number,135
New Dwelling Completion,2018,Q3,Limerick City &,Number,109
New Dwelling Completion,2018,Q3,Leitrim,Number,18
New Dwelling Completion,2018,Q3,Laois,Number,53
New Dwelling Completion,2018,Q3,Meath,Number,394
New Dwelling Completion,2018,Q3,Monaghan,Number,33
New Dwelling Completion,2018,Q3,Mayo,Number,81
New Dwelling Completion,2018,Q3,Offaly,Number,23
New Dwelling Completion,2018,Q3,Roscommon,Number,37
New Dwelling Completion,2018,Q3,South Dublin,Number,429
New Dwelling Completion,2018,Q3,Sligo,Number,44
New Dwelling Completion,2018,Q3,Tipperary,Number,40
New Dwelling Completion,2018,Q3,Waterford City &,Number,106
New Dwelling Completion,2018,Q3,Westmeath,Number,31
New Dwelling Completion,2018,Q3,Wicklow,Number,125
New Dwelling Completion,2018,Q3,Wexford,Number,147
New Dwelling Completion,2018,Q4,Ireland,Number,5404
New Dwelling Completion,2018,Q4,Cork City,Number,197
New Dwelling Completion,2018,Q4,Clare,Number,55
New Dwelling Completion,2018,Q4,Cavan,Number,47
New Dwelling Completion,2018,Q4,Cork,Number,307
New Dwelling Completion,2018,Q4,Carlow,Number,97
New Dwelling Completion,2018,Q4,Dublin City,Number,634
New Dwelling Completion,2018,Q4,Dún Laoghaire Rathdown,Number,356
New Dwelling Completion,2018,Q4,Donegal,Number,131
New Dwelling Completion,2018,Q4,Fingal,Number,510
New Dwelling Completion,2018,Q4,Galway,Number,166
New Dwelling Completion,2018,Q4,Galway City,Number,37
New Dwelling Completion,2018,Q4,Kildare,Number,381
New Dwelling Completion,2018,Q4,Kilkenny,Number,85
New Dwelling Completion,2018,Q4,Kerry,Number,99
New Dwelling Completion,2018,Q4,Longford,Number,25
New Dwelling Completion,2018,Q4,Louth,Number,184
New Dwelling Completion,2018,Q4,Limerick City &,Number,132
New Dwelling Completion,2018,Q4,Leitrim,Number,15
New Dwelling Completion,2018,Q4,Laois,Number,52
New Dwelling Completion,2018,Q4,Meath,Number,481
New Dwelling Completion,2018,Q4,Monaghan,Number,32
New Dwelling Completion,2018,Q4,Mayo,Number,94
New Dwelling Completion,2018,Q4,Offaly,Number,36
New Dwelling Completion,2018,Q4,Roscommon,Number,47
New Dwelling Completion,2018,Q4,South Dublin,Number,513
New Dwelling Completion,2018,Q4,Sligo,Number,55
New Dwelling Completion,2018,Q4,Tipperary,Number,71
New Dwelling Completion,2018,Q4,Waterford City &,Number,162
New Dwelling Completion,2018,Q4,Westmeath,Number,77
New Dwelling Completion,2018,Q4,Wicklow,Number,203
New Dwelling Completion,2018,Q4,Wexford,Number,123
New Dwelling Completion,2019,Q1,Ireland,Number,4223
New Dwelling Completion,2019,Q1,Cork City,Number,150
New Dwelling Completion,2019,Q1,Clare,Number,55
New Dwelling Completion,2019,Q1,Cavan,Number,31
New Dwelling Completion,2019,Q1,Cork,Number,275
New Dwelling Completion,2019,Q1,Carlow,Number,41
New Dwelling Completion,2019,Q1,Dublin City,Number,518
New Dwelling Completion,2019,Q1,Dún Laoghaire Rathdown,Number,201
New Dwelling Completion,2019,Q1,Donegal,Number,86
New Dwelling Completion,2019,Q1,Fingal,Number,353
New Dwelling Completion,2019,Q1,Galway,Number,144
New Dwelling Completion,2019,Q1,Galway City,Number,30
New Dwelling Completion,2019,Q1,Kildare,Number,396
New Dwelling Completion,2019,Q1,Kilkenny,Number,54
New Dwelling Completion,2019,Q1,Kerry,Number,80
New Dwelling Completion,2019,Q1,Longford,Number,39
New Dwelling Completion,2019,Q1,Louth,Number,171
New Dwelling Completion,2019,Q1,Limerick City &,Number,87
New Dwelling Completion,2019,Q1,Leitrim,Number,11
New Dwelling Completion,2019,Q1,Laois,Number,33
New Dwelling Completion,2019,Q1,Meath,Number,294
New Dwelling Completion,2019,Q1,Monaghan,Number,62
New Dwelling Completion,2019,Q1,Mayo,Number,96
New Dwelling Completion,2019,Q1,Offaly,Number,40
New Dwelling Completion,2019,Q1,Roscommon,Number,39
New Dwelling Completion,2019,Q1,South Dublin,Number,383
New Dwelling Completion,2019,Q1,Sligo,Number,11
New Dwelling Completion,2019,Q1,Tipperary,Number,72
New Dwelling Completion,2019,Q1,Waterford City &,Number,76
New Dwelling Completion,2019,Q1,Westmeath,Number,52
New Dwelling Completion,2019,Q1,Wicklow,Number,208
New Dwelling Completion,2019,Q1,Wexford,Number,135
New Dwelling Completion,2019,Q2,Ireland,Number,4796
New Dwelling Completion,2019,Q2,Cork City,Number,155
New Dwelling Completion,2019,Q2,Clare,Number,120
New Dwelling Completion,2019,Q2,Cavan,Number,32
New Dwelling Completion,2019,Q2,Cork,Number,379
New Dwelling Completion,2019,Q2,Carlow,Number,41
New Dwelling Completion,2019,Q2,Dublin City,Number,404
New Dwelling Completion,2019,Q2,Dún Laoghaire Rathdown,Number,197
New Dwelling Completion,2019,Q2,Donegal,Number,110
New Dwelling Completion,2019,Q2,Fingal,Number,497
New Dwelling Completion,2019,Q2,Galway,Number,197
New Dwelling Completion,2019,Q2,Galway City,Number,41
New Dwelling Completion,2019,Q2,Kildare,Number,394
New Dwelling Completion,2019,Q2,Kilkenny,Number,49
New Dwelling Completion,2019,Q2,Kerry,Number,102
New Dwelling Completion,2019,Q2,Longford,Number,15
New Dwelling Completion,2019,Q2,Louth,Number,135
New Dwelling Completion,2019,Q2,Limerick City &,Number,163
New Dwelling Completion,2019,Q2,Leitrim,Number,11
New Dwelling Completion,2019,Q2,Laois,Number,48
New Dwelling Completion,2019,Q2,Meath,Number,468
New Dwelling Completion,2019,Q2,Monaghan,Number,57
New Dwelling Completion,2019,Q2,Mayo,Number,81
New Dwelling Completion,2019,Q2,Offaly,Number,37
New Dwelling Completion,2019,Q2,Roscommon,Number,34
New Dwelling Completion,2019,Q2,South Dublin,Number,358
New Dwelling Completion,2019,Q2,Sligo,Number,40
New Dwelling Completion,2019,Q2,Tipperary,Number,81
New Dwelling Completion,2019,Q2,Waterford City &,Number,84
New Dwelling Completion,2019,Q2,Westmeath,Number,59
New Dwelling Completion,2019,Q2,Wicklow,Number,233
New Dwelling Completion,2019,Q2,Wexford,Number,174
New Dwelling Completion,2019,Q3,Ireland,Number,5613
New Dwelling Completion,2019,Q3,Cork City,Number,143
New Dwelling Completion,2019,Q3,Clare,Number,102
New Dwelling Completion,2019,Q3,Cavan,Number,38
New Dwelling Completion,2019,Q3,Cork,Number,285
New Dwelling Completion,2019,Q3,Carlow,Number,39
New Dwelling Completion,2019,Q3,Dublin City,Number,372
New Dwelling Completion,2019,Q3,Dún Laoghaire Rathdown,Number,488
New Dwelling Completion,2019,Q3,Donegal,Number,133
New Dwelling Completion,2019,Q3,Fingal,Number,685
New Dwelling Completion,2019,Q3,Galway,Number,200
New Dwelling Completion,2019,Q3,Galway City,Number,93
New Dwelling Completion,2019,Q3,Kildare,Number,485
New Dwelling Completion,2019,Q3,Kilkenny,Number,93
New Dwelling Completion,2019,Q3,Kerry,Number,116
New Dwelling Completion,2019,Q3,Longford,Number,28
New Dwelling Completion,2019,Q3,Louth,Number,157
New Dwelling Completion,2019,Q3,Limerick City &,Number,125
New Dwelling Completion,2019,Q3,Leitrim,Number,10
New Dwelling Completion,2019,Q3,Laois,Number,82
New Dwelling Completion,2019,Q3,Meath,Number,471
New Dwelling Completion,2019,Q3,Monaghan,Number,98
New Dwelling Completion,2019,Q3,Mayo,Number,94
New Dwelling Completion,2019,Q3,Offaly,Number,51
New Dwelling Completion,2019,Q3,Roscommon,Number,33
New Dwelling Completion,2019,Q3,South Dublin,Number,393
New Dwelling Completion,2019,Q3,Sligo,Number,36
New Dwelling Completion,2019,Q3,Tipperary,Number,84
New Dwelling Completion,2019,Q3,Waterford City &,Number,142
New Dwelling Completion,2019,Q3,Westmeath,Number,62
New Dwelling Completion,2019,Q3,Wicklow,Number,351
New Dwelling Completion,2019,Q3,Wexford,Number,124
New Dwelling Completion,2019,Q4,Ireland,Number,6405
New Dwelling Completion,2019,Q4,Cork City,Number,278
New Dwelling Completion,2019,Q4,Clare,Number,107
New Dwelling Completion,2019,Q4,Cavan,Number,36
New Dwelling Completion,2019,Q4,Cork,Number,472
New Dwelling Completion,2019,Q4,Carlow,Number,73
New Dwelling Completion,2019,Q4,Dublin City,Number,488
New Dwelling Completion,2019,Q4,Dún Laoghaire Rathdown,Number,254
New Dwelling Completion,2019,Q4,Donegal,Number,101
New Dwelling Completion,2019,Q4,Fingal,Number,783
New Dwelling Completion,2019,Q4,Galway,Number,249
New Dwelling Completion,2019,Q4,Galway City,Number,93
New Dwelling Completion,2019,Q4,Kildare,Number,623
New Dwelling Completion,2019,Q4,Kilkenny,Number,94
New Dwelling Completion,2019,Q4,Kerry,Number,147
New Dwelling Completion,2019,Q4,Longford,Number,50
New Dwelling Completion,2019,Q4,Louth,Number,204
New Dwelling Completion,2019,Q4,Limerick City &,Number,177
New Dwelling Completion,2019,Q4,Leitrim,Number,7
New Dwelling Completion,2019,Q4,Laois,Number,76
New Dwelling Completion,2019,Q4,Meath,Number,404
New Dwelling Completion,2019,Q4,Monaghan,Number,64
New Dwelling Completion,2019,Q4,Mayo,Number,167
New Dwelling Completion,2019,Q4,Offaly,Number,99
New Dwelling Completion,2019,Q4,Roscommon,Number,47
New Dwelling Completion,2019,Q4,South Dublin,Number,523
New Dwelling Completion,2019,Q4,Sligo,Number,27
New Dwelling Completion,2019,Q4,Tipperary,Number,76
New Dwelling Completion,2019,Q4,Waterford City &,Number,139
New Dwelling Completion,2019,Q4,Westmeath,Number,71
New Dwelling Completion,2019,Q4,Wicklow,Number,323
New Dwelling Completion,2019,Q4,Wexford,Number,153
New Dwelling Completion,2020,Q1,Ireland,Number,4930
New Dwelling Completion,2020,Q1,Cork City,Number,245
New Dwelling Completion,2020,Q1,Clare,Number,76
New Dwelling Completion,2020,Q1,Cavan,Number,37
New Dwelling Completion,2020,Q1,Cork,Number,352
New Dwelling Completion,2020,Q1,Carlow,Number,25
New Dwelling Completion,2020,Q1,Dublin City,Number,656
New Dwelling Completion,2020,Q1,Dún Laoghaire Rathdown,Number,249
New Dwelling Completion,2020,Q1,Donegal,Number,120
New Dwelling Completion,2020,Q1,Fingal,Number,413
New Dwelling Completion,2020,Q1,Galway,Number,192
New Dwelling Completion,2020,Q1,Galway City,Number,57
New Dwelling Completion,2020,Q1,Kildare,Number,328
New Dwelling Completion,2020,Q1,Kilkenny,Number,112
New Dwelling Completion,2020,Q1,Kerry,Number,85
New Dwelling Completion,2020,Q1,Longford,Number,19
New Dwelling Completion,2020,Q1,Louth,Number,115
New Dwelling Completion,2020,Q1,Limerick City &,Number,127
New Dwelling Completion,2020,Q1,Leitrim,Number,5
New Dwelling Completion,2020,Q1,Laois,Number,65
New Dwelling Completion,2020,Q1,Meath,Number,381
New Dwelling Completion,2020,Q1,Monaghan,Number,44
New Dwelling Completion,2020,Q1,Mayo,Number,120
New Dwelling Completion,2020,Q1,Offaly,Number,45
New Dwelling Completion,2020,Q1,Roscommon,Number,28
New Dwelling Completion,2020,Q1,South Dublin,Number,315
New Dwelling Completion,2020,Q1,Sligo,Number,74
New Dwelling Completion,2020,Q1,Tipperary,Number,69
New Dwelling Completion,2020,Q1,Waterford City &,Number,130
New Dwelling Completion,2020,Q1,Westmeath,Number,83
New Dwelling Completion,2020,Q1,Wicklow,Number,223
New Dwelling Completion,2020,Q1,Wexford,Number,140
New Dwelling Completion,2020,Q2,Ireland,Number,3227
New Dwelling Completion,2020,Q2,Cork City,Number,140
New Dwelling Completion,2020,Q2,Clare,Number,70
New Dwelling Completion,2020,Q2,Cavan,Number,30
New Dwelling Completion,2020,Q2,Cork,Number,192
New Dwelling Completion,2020,Q2,Carlow,Number,46
New Dwelling Completion,2020,Q2,Dublin City,Number,252
New Dwelling Completion,2020,Q2,Dún Laoghaire Rathdown,Number,102
New Dwelling Completion,2020,Q2,Donegal,Number,98
New Dwelling Completion,2020,Q2,Fingal,Number,308
New Dwelling Completion,2020,Q2,Galway,Number,122
New Dwelling Completion,2020,Q2,Galway City,Number,31
New Dwelling Completion,2020,Q2,Kildare,Number,280
New Dwelling Completion,2020,Q2,Kilkenny,Number,67
New Dwelling Completion,2020,Q2,Kerry,Number,57
New Dwelling Completion,2020,Q2,Longford,Number,17
New Dwelling Completion,2020,Q2,Louth,Number,190
New Dwelling Completion,2020,Q2,Limerick City &,Number,64
New Dwelling Completion,2020,Q2,Leitrim,Number,5
New Dwelling Completion,2020,Q2,Laois,Number,62
New Dwelling Completion,2020,Q2,Meath,Number,302
New Dwelling Completion,2020,Q2,Monaghan,Number,33
New Dwelling Completion,2020,Q2,Mayo,Number,53
New Dwelling Completion,2020,Q2,Offaly,Number,25
New Dwelling Completion,2020,Q2,Roscommon,Number,25
New Dwelling Completion,2020,Q2,South Dublin,Number,166
New Dwelling Completion,2020,Q2,Sligo,Number,11
New Dwelling Completion,2020,Q2,Tipperary,Number,60
New Dwelling Completion,2020,Q2,Waterford City &,Number,83
New Dwelling Completion,2020,Q2,Westmeath,Number,55
New Dwelling Completion,2020,Q2,Wicklow,Number,169
New Dwelling Completion,2020,Q2,Wexford,Number,112
New Dwelling Completion,2020,Q3,Ireland,Number,5030
New Dwelling Completion,2020,Q3,Cork City,Number,323
New Dwelling Completion,2020,Q3,Clare,Number,112
New Dwelling Completion,2020,Q3,Cavan,Number,63
New Dwelling Completion,2020,Q3,Cork,Number,407
New Dwelling Completion,2020,Q3,Carlow,Number,66
New Dwelling Completion,2020,Q3,Dublin City,Number,385
New Dwelling Completion,2020,Q3,Dún Laoghaire Rathdown,Number,198
New Dwelling Completion,2020,Q3,Donegal,Number,131
New Dwelling Completion,2020,Q3,Fingal,Number,293
New Dwelling Completion,2020,Q3,Galway,Number,196
New Dwelling Completion,2020,Q3,Galway City,Number,47
New Dwelling Completion,2020,Q3,Kildare,Number,493
New Dwelling Completion,2020,Q3,Kilkenny,Number,87
New Dwelling Completion,2020,Q3,Kerry,Number,181
New Dwelling Completion,2020,Q3,Longford,Number,31
New Dwelling Completion,2020,Q3,Louth,Number,147
New Dwelling Completion,2020,Q3,Limerick City &,Number,137
New Dwelling Completion,2020,Q3,Leitrim,Number,12
New Dwelling Completion,2020,Q3,Laois,Number,80
New Dwelling Completion,2020,Q3,Meath,Number,388
New Dwelling Completion,2020,Q3,Monaghan,Number,59
New Dwelling Completion,2020,Q3,Mayo,Number,130
New Dwelling Completion,2020,Q3,Offaly,Number,43
New Dwelling Completion,2020,Q3,Roscommon,Number,45
New Dwelling Completion,2020,Q3,South Dublin,Number,218
New Dwelling Completion,2020,Q3,Sligo,Number,51
New Dwelling Completion,2020,Q3,Tipperary,Number,87
New Dwelling Completion,2020,Q3,Waterford City &,Number,124
New Dwelling Completion,2020,Q3,Westmeath,Number,59
New Dwelling Completion,2020,Q3,Wicklow,Number,276
New Dwelling Completion,2020,Q3,Wexford,Number,161
New Dwelling Completion,2020,Q4,Ireland,Number,7311
New Dwelling Completion,2020,Q4,Cork City,Number,316
New Dwelling Completion,2020,Q4,Clare,Number,132
New Dwelling Completion,2020,Q4,Cavan,Number,66
New Dwelling Completion,2020,Q4,Cork,Number,475
New Dwelling Completion,2020,Q4,Carlow,Number,62
New Dwelling Completion,2020,Q4,Dublin City,Number,909
New Dwelling Completion,2020,Q4,Dún Laoghaire Rathdown,Number,273
New Dwelling Completion,2020,Q4,Donegal,Number,225
New Dwelling Completion,2020,Q4,Fingal,Number,372
New Dwelling Completion,2020,Q4,Galway,Number,336
New Dwelling Completion,2020,Q4,Galway City,Number,64
New Dwelling Completion,2020,Q4,Kildare,Number,561
New Dwelling Completion,2020,Q4,Kilkenny,Number,117
New Dwelling Completion,2020,Q4,Kerry,Number,247
New Dwelling Completion,2020,Q4,Longford,Number,34
New Dwelling Completion,2020,Q4,Louth,Number,172
New Dwelling Completion,2020,Q4,Limerick City &,Number,181
New Dwelling Completion,2020,Q4,Leitrim,Number,17
New Dwelling Completion,2020,Q4,Laois,Number,132
New Dwelling Completion,2020,Q4,Meath,Number,444
New Dwelling Completion,2020,Q4,Monaghan,Number,77
New Dwelling Completion,2020,Q4,Mayo,Number,109
New Dwelling Completion,2020,Q4,Offaly,Number,85
New Dwelling Completion,2020,Q4,Roscommon,Number,61
New Dwelling Completion,2020,Q4,South Dublin,Number,923
New Dwelling Completion,2020,Q4,Sligo,Number,39
New Dwelling Completion,2020,Q4,Tipperary,Number,84
New Dwelling Completion,2020,Q4,Waterford City &,Number,126
New Dwelling Completion,2020,Q4,Westmeath,Number,91
New Dwelling Completion,2020,Q4,Wicklow,Number,371
New Dwelling Completion,2020,Q4,Wexford,Number,210
New Dwelling Completion,2021,Q1,Ireland,Number,3957
New Dwelling Completion,2021,Q1,Cork City,Number,194
New Dwelling Completion,2021,Q1,Clare,Number,60
New Dwelling Completion,2021,Q1,Cavan,Number,53
New Dwelling Completion,2021,Q1,Cork,Number,265
New Dwelling Completion,2021,Q1,Carlow,Number,35
New Dwelling Completion,2021,Q1,Dublin City,Number,366
New Dwelling Completion,2021,Q1,Dún Laoghaire Rathdown,Number,117
New Dwelling Completion,2021,Q1,Donegal,Number,83
New Dwelling Completion,2021,Q1,Fingal,Number,312
New Dwelling Completion,2021,Q1,Galway,Number,198
New Dwelling Completion,2021,Q1,Galway City,Number,134
New Dwelling Completion,2021,Q1,Kildare,Number,319
New Dwelling Completion,2021,Q1,Kilkenny,Number,59
New Dwelling Completion,2021,Q1,Kerry,Number,130
New Dwelling Completion,2021,Q1,Longford,Number,23
New Dwelling Completion,2021,Q1,Louth,Number,174
New Dwelling Completion,2021,Q1,Limerick City &,Number,125
New Dwelling Completion,2021,Q1,Leitrim,Number,12
New Dwelling Completion,2021,Q1,Laois,Number,132
New Dwelling Completion,2021,Q1,Meath,Number,235
New Dwelling Completion,2021,Q1,Monaghan,Number,47
New Dwelling Completion,2021,Q1,Mayo,Number,65
New Dwelling Completion,2021,Q1,Offaly,Number,50
New Dwelling Completion,2021,Q1,Roscommon,Number,55
New Dwelling Completion,2021,Q1,South Dublin,Number,212
New Dwelling Completion,2021,Q1,Sligo,Number,24
New Dwelling Completion,2021,Q1,Tipperary,Number,58
New Dwelling Completion,2021,Q1,Waterford City &,Number,74
New Dwelling Completion,2021,Q1,Westmeath,Number,95
New Dwelling Completion,2021,Q1,Wicklow,Number,134
New Dwelling Completion,2021,Q1,Wexford,Number,117
New Dwelling Completion,2021,Q2,Ireland,Number,4964
New Dwelling Completion,2021,Q2,Cork City,Number,154
New Dwelling Completion,2021,Q2,Clare,Number,119
New Dwelling Completion,2021,Q2,Cavan,Number,59
New Dwelling Completion,2021,Q2,Cork,Number,407
New Dwelling Completion,2021,Q2,Carlow,Number,79
New Dwelling Completion,2021,Q2,Dublin City,Number,393
New Dwelling Completion,2021,Q2,Dún Laoghaire Rathdown,Number,321
New Dwelling Completion,2021,Q2,Donegal,Number,123
New Dwelling Completion,2021,Q2,Fingal,Number,521
New Dwelling Completion,2021,Q2,Galway,Number,153
New Dwelling Completion,2021,Q2,Galway City,Number,88
New Dwelling Completion,2021,Q2,Kildare,Number,485
New Dwelling Completion,2021,Q2,Kilkenny,Number,107
New Dwelling Completion,2021,Q2,Kerry,Number,100
New Dwelling Completion,2021,Q2,Longford,Number,24
New Dwelling Completion,2021,Q2,Louth,Number,165
New Dwelling Completion,2021,Q2,Limerick City &,Number,137
New Dwelling Completion,2021,Q2,Leitrim,Number,26
New Dwelling Completion,2021,Q2,Laois,Number,83
New Dwelling Completion,2021,Q2,Meath,Number,244
New Dwelling Completion,2021,Q2,Monaghan,Number,56
New Dwelling Completion,2021,Q2,Mayo,Number,98
New Dwelling Completion,2021,Q2,Offaly,Number,49
New Dwelling Completion,2021,Q2,Roscommon,Number,61
New Dwelling Completion,2021,Q2,South Dublin,Number,288
New Dwelling Completion,2021,Q2,Sligo,Number,30
New Dwelling Completion,2021,Q2,Tipperary,Number,69
New Dwelling Completion,2021,Q2,Waterford City &,Number,128
New Dwelling Completion,2021,Q2,Westmeath,Number,66
New Dwelling Completion,2021,Q2,Wicklow,Number,148
New Dwelling Completion,2021,Q2,Wexford,Number,183
New Dwelling Completion,2021,Q3,Ireland,Number,4631
New Dwelling Completion,2021,Q3,Cork City,Number,151
New Dwelling Completion,2021,Q3,Clare,Number,87
New Dwelling Completion,2021,Q3,Cavan,Number,42
New Dwelling Completion,2021,Q3,Cork,Number,397
New Dwelling Completion,2021,Q3,Carlow,Number,44
New Dwelling Completion,2021,Q3,Dublin City,Number,371
New Dwelling Completion,2021,Q3,Dún Laoghaire Rathdown,Number,323
New Dwelling Completion,2021,Q3,Donegal,Number,109
New Dwelling Completion,2021,Q3,Fingal,Number,394
New Dwelling Completion,2021,Q3,Galway,Number,194
New Dwelling Completion,2021,Q3,Galway City,Number,48
New Dwelling Completion,2021,Q3,Kildare,Number,543
New Dwelling Completion,2021,Q3,Kilkenny,Number,75
New Dwelling Completion,2021,Q3,Kerry,Number,110
New Dwelling Completion,2021,Q3,Longford,Number,17
New Dwelling Completion,2021,Q3,Louth,Number,158
New Dwelling Completion,2021,Q3,Limerick City &,Number,145
New Dwelling Completion,2021,Q3,Leitrim,Number,25
New Dwelling Completion,2021,Q3,Laois,Number,110
New Dwelling Completion,2021,Q3,Meath,Number,260
New Dwelling Completion,2021,Q3,Monaghan,Number,37
New Dwelling Completion,2021,Q3,Mayo,Number,86
New Dwelling Completion,2021,Q3,Offaly,Number,60
New Dwelling Completion,2021,Q3,Roscommon,Number,56
New Dwelling Completion,2021,Q3,South Dublin,Number,140
New Dwelling Completion,2021,Q3,Sligo,Number,42
New Dwelling Completion,2021,Q3,Tipperary,Number,61
New Dwelling Completion,2021,Q3,Waterford City &,Number,140
New Dwelling Completion,2021,Q3,Westmeath,Number,40
New Dwelling Completion,2021,Q3,Wicklow,Number,228
New Dwelling Completion,2021,Q3,Wexford,Number,138
New Dwelling Completion,2021,Q4,Ireland,Number,6917
New Dwelling Completion,2021,Q4,Cork City,Number,241
New Dwelling Completion,2021,Q4,Clare,Number,144
New Dwelling Completion,2021,Q4,Cavan,Number,41
New Dwelling Completion,2021,Q4,Cork,Number,411
New Dwelling Completion,2021,Q4,Carlow,Number,94
New Dwelling Completion,2021,Q4,Dublin City,Number,948
New Dwelling Completion,2021,Q4,Dún Laoghaire Rathdown,Number,605
New Dwelling Completion,2021,Q4,Donegal,Number,162
New Dwelling Completion,2021,Q4,Fingal,Number,636
New Dwelling Completion,2021,Q4,Galway,Number,200
New Dwelling Completion,2021,Q4,Galway City,Number,32
New Dwelling Completion,2021,Q4,Kildare,Number,687
New Dwelling Completion,2021,Q4,Kilkenny,Number,84
New Dwelling Completion,2021,Q4,Kerry,Number,105
New Dwelling Completion,2021,Q4,Longford,Number,60
New Dwelling Completion,2021,Q4,Louth,Number,167
New Dwelling Completion,2021,Q4,Limerick City &,Number,191
New Dwelling Completion,2021,Q4,Leitrim,Number,22
New Dwelling Completion,2021,Q4,Laois,Number,66
New Dwelling Completion,2021,Q4,Meath,Number,529
New Dwelling Completion,2021,Q4,Monaghan,Number,66
New Dwelling Completion,2021,Q4,Mayo,Number,121
New Dwelling Completion,2021,Q4,Offaly,Number,87
New Dwelling Completion,2021,Q4,Roscommon,Number,37
New Dwelling Completion,2021,Q4,South Dublin,Number,302
New Dwelling Completion,2021,Q4,Sligo,Number,48
New Dwelling Completion,2021,Q4,Tipperary,Number,118
New Dwelling Completion,2021,Q4,Waterford City &,Number,180
New Dwelling Completion,2021,Q4,Westmeath,Number,42
New Dwelling Completion,2021,Q4,Wicklow,Number,237
New Dwelling Completion,2021,Q4,Wexford,Number,254
New Dwelling Completion,2022,Q1,Ireland,Number,5595
New Dwelling Completion,2022,Q1,Cork City,Number,149
New Dwelling Completion,2022,Q1,Clare,Number,143
New Dwelling Completion,2022,Q1,Cavan,Number,43
New Dwelling Completion,2022,Q1,Cork,Number,345
New Dwelling Completion,2022,Q1,Carlow,Number,60
New Dwelling Completion,2022,Q1,Dublin City,Number,973
New Dwelling Completion,2022,Q1,Dún Laoghaire Rathdown,Number,581
New Dwelling Completion,2022,Q1,Donegal,Number,130
New Dwelling Completion,2022,Q1,Fingal,Number,347
New Dwelling Completion,2022,Q1,Galway,Number,172
New Dwelling Completion,2022,Q1,Galway City,Number,18
New Dwelling Completion,2022,Q1,Kildare,Number,308
New Dwelling Completion,2022,Q1,Kilkenny,Number,58
New Dwelling Completion,2022,Q1,Kerry,Number,133
New Dwelling Completion,2022,Q1,Longford,Number,26
New Dwelling Completion,2022,Q1,Louth,Number,199
New Dwelling Completion,2022,Q1,Limerick City &,Number,151
New Dwelling Completion,2022,Q1,Leitrim,Number,9
New Dwelling Completion,2022,Q1,Laois,Number,76
New Dwelling Completion,2022,Q1,Meath,Number,276
New Dwelling Completion,2022,Q1,Monaghan,Number,56
New Dwelling Completion,2022,Q1,Mayo,Number,97
New Dwelling Completion,2022,Q1,Offaly,Number,138
New Dwelling Completion,2022,Q1,Roscommon,Number,41
New Dwelling Completion,2022,Q1,South Dublin,Number,243
New Dwelling Completion,2022,Q1,Sligo,Number,36
New Dwelling Completion,2022,Q1,Tipperary,Number,79
New Dwelling Completion,2022,Q1,Waterford City &,Number,154
New Dwelling Completion,2022,Q1,Westmeath,Number,69
New Dwelling Completion,2022,Q1,Wicklow,Number,268
New Dwelling Completion,2022,Q1,Wexford,Number,217
New Dwelling Completion,2022,Q2,Ireland,Number,7588
New Dwelling Completion,2022,Q2,Cork City,Number,363
New Dwelling Completion,2022,Q2,Clare,Number,165
New Dwelling Completion,2022,Q2,Cavan,Number,80
New Dwelling Completion,2022,Q2,Cork,Number,487
New Dwelling Completion,2022,Q2,Carlow,Number,51
New Dwelling Completion,2022,Q2,Dublin City,Number,1021
New Dwelling Completion,2022,Q2,Dún Laoghaire Rathdown,Number,668
New Dwelling Completion,2022,Q2,Donegal,Number,156
New Dwelling Completion,2022,Q2,Fingal,Number,592
New Dwelling Completion,2022,Q2,Galway,Number,231
New Dwelling Completion,2022,Q2,Galway City,Number,140
New Dwelling Completion,2022,Q2,Kildare,Number,566
New Dwelling Completion,2022,Q2,Kilkenny,Number,146
New Dwelling Completion,2022,Q2,Kerry,Number,213
New Dwelling Completion,2022,Q2,Longford,Number,20
New Dwelling Completion,2022,Q2,Louth,Number,200
New Dwelling Completion,2022,Q2,Limerick City &,Number,211
New Dwelling Completion,2022,Q2,Leitrim,Number,13
New Dwelling Completion,2022,Q2,Laois,Number,152
New Dwelling Completion,2022,Q2,Meath,Number,538
New Dwelling Completion,2022,Q2,Monaghan,Number,99
New Dwelling Completion,2022,Q2,Mayo,Number,114
New Dwelling Completion,2022,Q2,Offaly,Number,90
New Dwelling Completion,2022,Q2,Roscommon,Number,27
New Dwelling Completion,2022,Q2,South Dublin,Number,425
New Dwelling Completion,2022,Q2,Sligo,Number,48
New Dwelling Completion,2022,Q2,Tipperary,Number,107
New Dwelling Completion,2022,Q2,Waterford City &,Number,93
New Dwelling Completion,2022,Q2,Westmeath,Number,91
New Dwelling Completion,2022,Q2,Wicklow,Number,313
New Dwelling Completion,2022,Q2,Wexford,Number,168
New Dwelling Completion,2022,Q3,Ireland,Number,7367
New Dwelling Completion,2022,Q3,Cork City,Number,330
New Dwelling Completion,2022,Q3,Clare,Number,124
New Dwelling Completion,2022,Q3,Cavan,Number,57
New Dwelling Completion,2022,Q3,Cork,Number,484
New Dwelling Completion,2022,Q3,Carlow,Number,54
New Dwelling Completion,2022,Q3,Dublin City,Number,1215
New Dwelling Completion,2022,Q3,Dún Laoghaire Rathdown,Number,377
New Dwelling Completion,2022,Q3,Donegal,Number,167
New Dwelling Completion,2022,Q3,Fingal,Number,560
New Dwelling Completion,2022,Q3,Galway,Number,224
New Dwelling Completion,2022,Q3,Galway City,Number,159
New Dwelling Completion,2022,Q3,Kildare,Number,748
New Dwelling Completion,2022,Q3,Kilkenny,Number,75
New Dwelling Completion,2022,Q3,Kerry,Number,138
New Dwelling Completion,2022,Q3,Longford,Number,50
New Dwelling Completion,2022,Q3,Louth,Number,191
New Dwelling Completion,2022,Q3,Limerick City &,Number,191
New Dwelling Completion,2022,Q3,Leitrim,Number,23
New Dwelling Completion,2022,Q3,Laois,Number,79
New Dwelling Completion,2022,Q3,Meath,Number,390
New Dwelling Completion,2022,Q3,Monaghan,Number,63
New Dwelling Completion,2022,Q3,Mayo,Number,119
New Dwelling Completion,2022,Q3,Offaly,Number,62
New Dwelling Completion,2022,Q3,Roscommon,Number,42
New Dwelling Completion,2022,Q3,South Dublin,Number,457
New Dwelling Completion,2022,Q3,Sligo,Number,60
New Dwelling Completion,2022,Q3,Tipperary,Number,66
New Dwelling Completion,2022,Q3,Waterford City &,Number,108
New Dwelling Completion,2022,Q3,Westmeath,Number,147
New Dwelling Completion,2022,Q3,Wicklow,Number,326
New Dwelling Completion,2022,Q3,Wexford,Number,281
New Dwelling Completion,2022,Q4,Ireland,Number,9082
New Dwelling Completion,2022,Q4,Cork City,Number,352
New Dwelling Completion,2022,Q4,Clare,Number,123
New Dwelling Completion,2022,Q4,Cavan,Number,77
New Dwelling Completion,2022,Q4,Cork,Number,555
New Dwelling Completion,2022,Q4,Carlow,Number,66
New Dwelling Completion,2022,Q4,Dublin City,Number,662
New Dwelling Completion,2022,Q4,Dún Laoghaire Rathdown,Number,1080
New Dwelling Completion,2022,Q4,Donegal,Number,199
New Dwelling Completion,2022,Q4,Fingal,Number,532
New Dwelling Completion,2022,Q4,Galway,Number,268
New Dwelling Completion,2022,Q4,Galway City,Number,95
New Dwelling Completion,2022,Q4,Kildare,Number,1001
New Dwelling Completion,2022,Q4,Kilkenny,Number,142
New Dwelling Completion,2022,Q4,Kerry,Number,127
New Dwelling Completion,2022,Q4,Longford,Number,27
New Dwelling Completion,2022,Q4,Louth,Number,199
New Dwelling Completion,2022,Q4,Limerick City &,Number,210
New Dwelling Completion,2022,Q4,Leitrim,Number,23
New Dwelling Completion,2022,Q4,Laois,Number,205
New Dwelling Completion,2022,Q4,Meath,Number,648
New Dwelling Completion,2022,Q4,Monaghan,Number,118
New Dwelling Completion,2022,Q4,Mayo,Number,120
New Dwelling Completion,2022,Q4,Offaly,Number,122
New Dwelling Completion,2022,Q4,Roscommon,Number,67
New Dwelling Completion,2022,Q4,South Dublin,Number,622
New Dwelling Completion,2022,Q4,Sligo,Number,68
New Dwelling Completion,2022,Q4,Tipperary,Number,166
New Dwelling Completion,2022,Q4,Waterford City &,Number,198
New Dwelling Completion,2022,Q4,Westmeath,Number,96
New Dwelling Completion,2022,Q4,Wicklow,Number,631
New Dwelling Completion,2022,Q4,Wexford,Number,283
New Dwelling Completion,2023,Q1,Ireland,Number,6632
New Dwelling Completion,2023,Q1,Cork City,Number,260
New Dwelling Completion,2023,Q1,Clare,Number,102
New Dwelling Completion,2023,Q1,Cavan,Number,55
New Dwelling Completion,2023,Q1,Cork,Number,473
New Dwelling Completion,2023,Q1,Carlow,Number,41
New Dwelling Completion,2023,Q1,Dublin City,Number,507
New Dwelling Completion,2023,Q1,Dún Laoghaire Rathdown,Number,879
New Dwelling Completion,2023,Q1,Donegal,Number,138
New Dwelling Completion,2023,Q1,Fingal,Number,407
New Dwelling Completion,2023,Q1,Galway,Number,184
New Dwelling Completion,2023,Q1,Galway City,Number,93
New Dwelling Completion,2023,Q1,Kildare,Number,599
New Dwelling Completion,2023,Q1,Kilkenny,Number,78
New Dwelling Completion,2023,Q1,Kerry,Number,117
New Dwelling Completion,2023,Q1,Longford,Number,17
New Dwelling Completion,2023,Q1,Louth,Number,169
New Dwelling Completion,2023,Q1,Limerick City &,Number,205
New Dwelling Completion,2023,Q1,Leitrim,Number,37
New Dwelling Completion,2023,Q1,Laois,Number,109
New Dwelling Completion,2023,Q1,Meath,Number,281
New Dwelling Completion,2023,Q1,Monaghan,Number,66
New Dwelling Completion,2023,Q1,Mayo,Number,113
New Dwelling Completion,2023,Q1,Offaly,Number,103
New Dwelling Completion,2023,Q1,Roscommon,Number,37
New Dwelling Completion,2023,Q1,South Dublin,Number,716
New Dwelling Completion,2023,Q1,Sligo,Number,43
New Dwelling Completion,2023,Q1,Tipperary,Number,119
New Dwelling Completion,2023,Q1,Waterford City &,Number,132
New Dwelling Completion,2023,Q1,Westmeath,Number,53
New Dwelling Completion,2023,Q1,Wicklow,Number,268
New Dwelling Completion,2023,Q1,Wexford,Number,231
New Dwelling Completion,2023,Q2,Ireland,Number,7262
New Dwelling Completion,2023,Q2,Cork City,Number,305
New Dwelling Completion,2023,Q2,Clare,Number,83
New Dwelling Completion,2023,Q2,Cavan,Number,43
New Dwelling Completion,2023,Q2,Cork,Number,526
New Dwelling Completion,2023,Q2,Carlow,Number,54
New Dwelling Completion,2023,Q2,Dublin City,Number,523
New Dwelling Completion,2023,Q2,Dún Laoghaire Rathdown,Number,808
New Dwelling Completion,2023,Q2,Donegal,Number,166
New Dwelling Completion,2023,Q2,Fingal,Number,550
New Dwelling Completion,2023,Q2,Galway,Number,270
New Dwelling Completion,2023,Q2,Galway City,Number,74
New Dwelling Completion,2023,Q2,Kildare,Number,757
New Dwelling Completion,2023,Q2,Kilkenny,Number,94
New Dwelling Completion,2023,Q2,Kerry,Number,188
New Dwelling Completion,2023,Q2,Longford,Number,18
New Dwelling Completion,2023,Q2,Louth,Number,195
New Dwelling Completion,2023,Q2,Limerick City &,Number,147
New Dwelling Completion,2023,Q2,Leitrim,Number,21
New Dwelling Completion,2023,Q2,Laois,Number,227
New Dwelling Completion,2023,Q2,Meath,Number,404
New Dwelling Completion,2023,Q2,Monaghan,Number,52
New Dwelling Completion,2023,Q2,Mayo,Number,139
New Dwelling Completion,2023,Q2,Offaly,Number,96
New Dwelling Completion,2023,Q2,Roscommon,Number,47
New Dwelling Completion,2023,Q2,South Dublin,Number,467
New Dwelling Completion,2023,Q2,Sligo,Number,79
New Dwelling Completion,2023,Q2,Tipperary,Number,116
New Dwelling Completion,2023,Q2,Waterford City &,Number,168
New Dwelling Completion,2023,Q2,Westmeath,Number,61
New Dwelling Completion,2023,Q2,Wicklow,Number,347
New Dwelling Completion,2023,Q2,Wexford,Number,237
New Dwelling Completion,2023,Q3,Ireland,Number,8397
New Dwelling Completion,2023,Q3,Cork City,Number,156
New Dwelling Completion,2023,Q3,Clare,Number,95
New Dwelling Completion,2023,Q3,Cavan,Number,92
New Dwelling Completion,2023,Q3,Cork,Number,539
New Dwelling Completion,2023,Q3,Carlow,Number,56
New Dwelling Completion,2023,Q3,Dublin City,Number,888
New Dwelling Completion,2023,Q3,Dún Laoghaire Rathdown,Number,636
New Dwelling Completion,2023,Q3,Donegal,Number,190
New Dwelling Completion,2023,Q3,Fingal,Number,774
New Dwelling Completion,2023,Q3,Galway,Number,283
New Dwelling Completion,2023,Q3,Galway City,Number,110
New Dwelling Completion,2023,Q3,Kildare,Number,576
New Dwelling Completion,2023,Q3,Kilkenny,Number,125
New Dwelling Completion,2023,Q3,Kerry,Number,142
New Dwelling Completion,2023,Q3,Longford,Number,29
New Dwelling Completion,2023,Q3,Louth,Number,273
New Dwelling Completion,2023,Q3,Limerick City &,Number,195
New Dwelling Completion,2023,Q3,Leitrim,Number,17
New Dwelling Completion,2023,Q3,Laois,Number,167
New Dwelling Completion,2023,Q3,Meath,Number,402
New Dwelling Completion,2023,Q3,Monaghan,Number,63
New Dwelling Completion,2023,Q3,Mayo,Number,125
New Dwelling Completion,2023,Q3,Offaly,Number,120
New Dwelling Completion,2023,Q3,Roscommon,Number,40
New Dwelling Completion,2023,Q3,South Dublin,Number,1263
New Dwelling Completion,2023,Q3,Sligo,Number,64
New Dwelling Completion,2023,Q3,Tipperary,Number,139
New Dwelling Completion,2023,Q3,Waterford City &,Number,116
New Dwelling Completion,2023,Q3,Westmeath,Number,109
New Dwelling Completion,2023,Q3,Wicklow,Number,411
New Dwelling Completion,2023,Q3,Wexford,Number,202
New Dwelling Completion,2023,Q4,Ireland,Number,10211
New Dwelling Completion,2023,Q4,Cork City,Number,319
New Dwelling Completion,2023,Q4,Clare,Number,123
New Dwelling Completion,2023,Q4,Cavan,Number,70
New Dwelling Completion,2023,Q4,Cork,Number,522
New Dwelling Completion,2023,Q4,Carlow,Number,89
New Dwelling Completion,2023,Q4,Dublin City,Number,1514
New Dwelling Completion,2023,Q4,Dún Laoghaire Rathdown,Number,1239
New Dwelling Completion,2023,Q4,Donegal,Number,142
New Dwelling Completion,2023,Q4,Fingal,Number,624
New Dwelling Completion,2023,Q4,Galway,Number,219
New Dwelling Completion,2023,Q4,Galway City,Number,80
New Dwelling Completion,2023,Q4,Kildare,Number,774
New Dwelling Completion,2023,Q4,Kilkenny,Number,255
New Dwelling Completion,2023,Q4,Kerry,Number,167
New Dwelling Completion,2023,Q4,Longford,Number,55
New Dwelling Completion,2023,Q4,Louth,Number,446
New Dwelling Completion,2023,Q4,Limerick City &,Number,242
New Dwelling Completion,2023,Q4,Leitrim,Number,26
New Dwelling Completion,2023,Q4,Laois,Number,244
New Dwelling Completion,2023,Q4,Meath,Number,453
New Dwelling Completion,2023,Q4,Monaghan,Number,54
New Dwelling Completion,2023,Q4,Mayo,Number,145
New Dwelling Completion,2023,Q4,Offaly,Number,225
New Dwelling Completion,2023,Q4,Roscommon,Number,70
New Dwelling Completion,2023,Q4,South Dublin,Number,788
New Dwelling Completion,2023,Q4,Sligo,Number,76
New Dwelling Completion,2023,Q4,Tipperary,Number,134
New Dwelling Completion,2023,Q4,Waterford City &,Number,139
New Dwelling Completion,2023,Q4,Westmeath,Number,277
New Dwelling Completion,2023,Q4,Wicklow,Number,402
New Dwelling Completion,2023,Q4,Wexford,Number,298
New Dwelling Completion,2024,Q1,Ireland,Number,5814
New Dwelling Completion,2024,Q1,Cork City,Number,237
New Dwelling Completion,2024,Q1,Clare,Number,127
New Dwelling Completion,2024,Q1,Cavan,Number,51
New Dwelling Completion,2024,Q1,Cork,Number,464
New Dwelling Completion,2024,Q1,Carlow,Number,57
New Dwelling Completion,2024,Q1,Dublin City,Number,491
New Dwelling Completion,2024,Q1,Dún Laoghaire Rathdown,Number,381
New Dwelling Completion,2024,Q1,Donegal,Number,127
New Dwelling Completion,2024,Q1,Fingal,Number,294
New Dwelling Completion,2024,Q1,Galway,Number,212
New Dwelling Completion,2024,Q1,Galway City,Number,66
New Dwelling Completion,2024,Q1,Kildare,Number,272
New Dwelling Completion,2024,Q1,Kilkenny,Number,120
New Dwelling Completion,2024,Q1,Kerry,Number,72
New Dwelling Completion,2024,Q1,Longford,Number,32
New Dwelling Completion,2024,Q1,Louth,Number,176
New Dwelling Completion,2024,Q1,Limerick City &,Number,192
New Dwelling Completion,2024,Q1,Leitrim,Number,18
New Dwelling Completion,2024,Q1,Laois,Number,145
New Dwelling Completion,2024,Q1,Meath,Number,468
New Dwelling Completion,2024,Q1,Monaghan,Number,65
New Dwelling Completion,2024,Q1,Mayo,Number,83
New Dwelling Completion,2024,Q1,Offaly,Number,97
New Dwelling Completion,2024,Q1,Roscommon,Number,56
New Dwelling Completion,2024,Q1,South Dublin,Number,696
New Dwelling Completion,2024,Q1,Sligo,Number,39
New Dwelling Completion,2024,Q1,Tipperary,Number,97
New Dwelling Completion,2024,Q1,Waterford City &,Number,148
New Dwelling Completion,2024,Q1,Westmeath,Number,88
New Dwelling Completion,2024,Q1,Wicklow,Number,274
New Dwelling Completion,2024,Q1,Wexford,Number,169
New Dwelling Completion,2024,Q2,Ireland,Number,6824
New Dwelling Completion,2024,Q2,Cork City,Number,301
New Dwelling Completion,2024,Q2,Clare,Number,108
New Dwelling Completion,2024,Q2,Cavan,Number,69
New Dwelling Completion,2024,Q2,Cork,Number,532
New Dwelling Completion,2024,Q2,Carlow,Number,66
New Dwelling Completion,2024,Q2,Dublin City,Number,579
New Dwelling Completion,2024,Q2,Dún Laoghaire Rathdown,Number,439
New Dwelling Completion,2024,Q2,Donegal,Number,138
New Dwelling Completion,2024,Q2,Fingal,Number,343
New Dwelling Completion,2024,Q2,Galway,Number,261
New Dwelling Completion,2024,Q2,Galway City,Number,74
New Dwelling Completion,2024,Q2,Kildare,Number,345
New Dwelling Completion,2024,Q2,Kilkenny,Number,109
New Dwelling Completion,2024,Q2,Kerry,Number,103
New Dwelling Completion,2024,Q2,Longford,Number,41
New Dwelling Completion,2024,Q2,Louth,Number,242
New Dwelling Completion,2024,Q2,Limerick City &,Number,225
New Dwelling Completion,2024,Q2,Leitrim,Number,31
New Dwelling Completion,2024,Q2,Laois,Number,129
New Dwelling Completion,2024,Q2,Meath,Number,381
New Dwelling Completion,2024,Q2,Monaghan,Number,64
New Dwelling Completion,2024,Q2,Mayo,Number,162
New Dwelling Completion,2024,Q2,Offaly,Number,62
New Dwelling Completion,2024,Q2,Roscommon,Number,33
New Dwelling Completion,2024,Q2,South Dublin,Number,701
New Dwelling Completion,2024,Q2,Sligo,Number,51
New Dwelling Completion,2024,Q2,Tipperary,Number,169
New Dwelling Completion,2024,Q2,Waterford City &,Number,203
New Dwelling Completion,2024,Q2,Westmeath,Number,185
New Dwelling Completion,2024,Q2,Wicklow,Number,406
New Dwelling Completion,2024,Q2,Wexford,Number,272
New Dwelling Completion,2024,Q3,Ireland,Number,8889
New Dwelling Completion,2024,Q3,Cork City,Number,306
New Dwelling Completion,2024,Q3,Clare,Number,159
New Dwelling Completion,2024,Q3,Cavan,Number,60
New Dwelling Completion,2024,Q3,Cork,Number,680
New Dwelling Completion,2024,Q3,Carlow,Number,47
New Dwelling Completion,2024,Q3,Dublin City,Number,1125
New Dwelling Completion,2024,Q3,Dún Laoghaire Rathdown,Number,604
New Dwelling Completion,2024,Q3,Donegal,Number,178
New Dwelling Completion,2024,Q3,Fingal,Number,691
New Dwelling Completion,2024,Q3,Galway,Number,247
New Dwelling Completion,2024,Q3,Galway City,Number,37
New Dwelling Completion,2024,Q3,Kildare,Number,350
New Dwelling Completion,2024,Q3,Kilkenny,Number,118
New Dwelling Completion,2024,Q3,Kerry,Number,131
New Dwelling Completion,2024,Q3,Longford,Number,34
New Dwelling Completion,2024,Q3,Louth,Number,362
New Dwelling Completion,2024,Q3,Limerick City &,Number,357
New Dwelling Completion,2024,Q3,Leitrim,Number,20
New Dwelling Completion,2024,Q3,Laois,Number,232
New Dwelling Completion,2024,Q3,Meath,Number,309
New Dwelling Completion,2024,Q3,Monaghan,Number,87
New Dwelling Completion,2024,Q3,Mayo,Number,144
New Dwelling Completion,2024,Q3,Offaly,Number,123
New Dwelling Completion,2024,Q3,Roscommon,Number,50
New Dwelling Completion,2024,Q3,South Dublin,Number,1309
New Dwelling Completion,2024,Q3,Sligo,Number,40
New Dwelling Completion,2024,Q3,Tipperary,Number,100
New Dwelling Completion,2024,Q3,Waterford City &,Number,225
New Dwelling Completion,2024,Q3,Westmeath,Number,113
New Dwelling Completion,2024,Q3,Wicklow,Number,296
New Dwelling Completion,2024,Q3,Wexford,Number,355
New Dwelling Completion,2024,Q4,Ireland,Number,8679
New Dwelling Completion,2024,Q4,Cork City,Number,376
New Dwelling Completion,2024,Q4,Clare,Number,145
New Dwelling Completion,2024,Q4,Cavan,Number,65
New Dwelling Completion,2024,Q4,Cork,Number,648
New Dwelling Completion,2024,Q4,Carlow,Number,100
New Dwelling Completion,2024,Q4,Dublin City,Number,1155
New Dwelling Completion,2024,Q4,Dún Laoghaire Rathdown,Number,602
New Dwelling Completion,2024,Q4,Donegal,Number,193
New Dwelling Completion,2024,Q4,Fingal,Number,1099
New Dwelling Completion,2024,Q4,Galway,Number,247
New Dwelling Completion,2024,Q4,Galway City,Number,96
New Dwelling Completion,2024,Q4,Kildare,Number,456
New Dwelling Completion,2024,Q4,Kilkenny,Number,160
New Dwelling Completion,2024,Q4,Kerry,Number,176
New Dwelling Completion,2024,Q4,Longford,Number,19
New Dwelling Completion,2024,Q4,Louth,Number,391
New Dwelling Completion,2024,Q4,Limerick City &,Number,233
New Dwelling Completion,2024,Q4,Leitrim,Number,50
New Dwelling Completion,2024,Q4,Laois,Number,148
New Dwelling Completion,2024,Q4,Meath,Number,463
New Dwelling Completion,2024,Q4,Monaghan,Number,38
New Dwelling Completion,2024,Q4,Mayo,Number,187
New Dwelling Completion,2024,Q4,Offaly,Number,111
New Dwelling Completion,2024,Q4,Roscommon,Number,61
New Dwelling Completion,2024,Q4,South Dublin,Number,374
New Dwelling Completion,2024,Q4,Sligo,Number,73
New Dwelling Completion,2024,Q4,Tipperary,Number,118
New Dwelling Completion,2024,Q4,Waterford City &,Number,165
New Dwelling Completion,2024,Q4,Westmeath,Number,97
New Dwelling Completion,2024,Q4,Wicklow,Number,362
New Dwelling Completion,2024,Q4,Wexford,Number,271
New Dwelling Completion,2025,Q1,Ireland,Number,5935
New Dwelling Completion,2025,Q1,Cork City,Number,279
New Dwelling Completion,2025,Q1,Clare,Number,129
New Dwelling Completion,2025,Q1,Cavan,Number,57
New Dwelling Completion,2025,Q1,Cork,Number,441
New Dwelling Completion,2025,Q1,Carlow,Number,25
New Dwelling Completion,2025,Q1,Dublin City,Number,685
New Dwelling Completion,2025,Q1,Dún Laoghaire Rathdown,Number,241
New Dwelling Completion,2025,Q1,Donegal,Number,120
New Dwelling Completion,2025,Q1,Fingal,Number,622
New Dwelling Completion,2025,Q1,Galway,Number,213
New Dwelling Completion,2025,Q1,Galway City,Number,89
New Dwelling Completion,2025,Q1,Kildare,Number,417
New Dwelling Completion,2025,Q1,Kilkenny,Number,124
New Dwelling Completion,2025,Q1,Kerry,Number,90
New Dwelling Completion,2025,Q1,Longford,Number,20
New Dwelling Completion,2025,Q1,Louth,Number,215
New Dwelling Completion,2025,Q1,Limerick City &,Number,178
New Dwelling Completion,2025,Q1,Leitrim,Number,11
New Dwelling Completion,2025,Q1,Laois,Number,140
New Dwelling Completion,2025,Q1,Meath,Number,298
New Dwelling Completion,2025,Q1,Monaghan,Number,70
New Dwelling Completion,2025,Q1,Mayo,Number,103
New Dwelling Completion,2025,Q1,Offaly,Number,100
New Dwelling Completion,2025,Q1,Roscommon,Number,36
New Dwelling Completion,2025,Q1,South Dublin,Number,353
New Dwelling Completion,2025,Q1,Sligo,Number,55
New Dwelling Completion,2025,Q1,Tipperary,Number,116
New Dwelling Completion,2025,Q1,Waterford City &,Number,164
New Dwelling Completion,2025,Q1,Westmeath,Number,75
New Dwelling Completion,2025,Q1,Wicklow,Number,305
New Dwelling Completion,2025,Q1,Wexford,Number,164
New Dwelling Completion,2025,Q2,Ireland,Number,9214
New Dwelling Completion,2025,Q2,Cork City,Number,327
New Dwelling Completion,2025,Q2,Clare,Number,188
New Dwelling Completion,2025,Q2,Cavan,Number,81
New Dwelling Completion,2025,Q2,Cork,Number,516
New Dwelling Completion,2025,Q2,Carlow,Number,52
New Dwelling Completion,2025,Q2,Dublin City,Number,1167
New Dwelling Completion,2025,Q2,Dún Laoghaire Rathdown,Number,828
New Dwelling Completion,2025,Q2,Donegal,Number,159
New Dwelling Completion,2025,Q2,Fingal,Number,1201
New Dwelling Completion,2025,Q2,Galway,Number,222
New Dwelling Completion,2025,Q2,Galway City,Number,98
New Dwelling Completion,2025,Q2,Kildare,Number,408
New Dwelling Completion,2025,Q2,Kilkenny,Number,143
New Dwelling Completion,2025,Q2,Kerry,Number,224
New Dwelling Completion,2025,Q2,Longford,Number,23
New Dwelling Completion,2025,Q2,Louth,Number,419
New Dwelling Completion,2025,Q2,Limerick City &,Number,225
New Dwelling Completion,2025,Q2,Leitrim,Number,36
New Dwelling Completion,2025,Q2,Laois,Number,230
New Dwelling Completion,2025,Q2,Meath,Number,482
New Dwelling Completion,2025,Q2,Monaghan,Number,64
New Dwelling Completion,2025,Q2,Mayo,Number,99
New Dwelling Completion,2025,Q2,Offaly,Number,67
New Dwelling Completion,2025,Q2,Roscommon,Number,29
New Dwelling Completion,2025,Q2,South Dublin,Number,626
New Dwelling Completion,2025,Q2,Sligo,Number,146
New Dwelling Completion,2025,Q2,Tipperary,Number,213
New Dwelling Completion,2025,Q2,Waterford City &,Number,140
New Dwelling Completion,2025,Q2,Westmeath,Number,236
New Dwelling Completion,2025,Q2,Wicklow,Number,273
New Dwelling Completion,2025,Q2,Wexford,Number,292